segment,gait,direction,surface,stride_dur,duty_factor,stance_dur_LF,stance_dur_RF,stance_dur_LH,stance_dur_RH,swing_dur_LF,swing_dur_RF,swing_dur_LH,swing_dur_RH,swing_intensity_LF,swing_intensity_RF,swing_intensity_LH,swing_intensity_RH,duty_factor_LF,duty_factor_RF,duty_factor_LH,duty_factor_RH,suspension_sec,suspension_perc,suspension_L_sec,suspension_L_perc,suspension_R_sec,suspension_R_perc,dap_L_sec,dap_L_perc,dap_R_sec,dap_R_perc,lap_L_sec,lap_L_perc,lap_R_sec,lap_R_perc,rom_sagittal_LF,rom_sagittal_RF,rom_sagittal_LH,rom_sagittal_RH,rom_coronal_LF,rom_coronal_RF,rom_coronal_LH,rom_coronal_RH,protraction_LF,protraction_RF,protraction_LH,protraction_RH,retraction_LF,retraction_RF,retraction_LH,retraction_RH,abduction_LF,abduction_RF,abduction_LH,abduction_RH,adduction_LF,adduction_RF,adduction_LH,adduction_RH,stride_speed,stride_length,min_diff_head,max_diff_head,si_up_head,min_diff_wth,max_diff_wth,si_up_wth,min_diff_sac,max_diff_sac,si_up_sac,hiphike_swing,hiphike_stance,horse_name,measurement,exam_type,exam_purpose,flexion_test,diagnostic_analgesia,inconclusive
1,"walk","left","hard",1.3063,64.3965,0.88,0.845,0.83,0.81,0.425,0.445,0.465,0.485,202.2409,184.6763,125.8723,138.3925,67.1756,64.1366,63.8462,62.4277,,,,,,,,,-0.335,-25.6459,0.32,24.6154,0.315,24.2775,70.9696,78.2227,55.9142,58.6057,8.3945,9.3456,13.9678,16.8403,28.8775,31.2289,29.241,29.615,-42.0921,-46.9938,-26.6731,-28.9907,6.2915,8.7718,9.6227,9.5076,-2.103,-0.5738,-4.3451,-7.3326,,,23.8949,-15.5463,0.4742,-0.3996,-2.7189,-0.1981,7.7864,-10.6988,0.2856,,,"Duque","20240627T095239_logfile.itlog","In hand","Research",,,"missing data: Right hind leg"
1,"walk","left","hard",1.3269,64.7309,0.895,0.85,0.86,0.83,0.435,0.5,0.475,0.49,185.8775,185.0524,126.9604,128.1021,67.6749,64.2722,65.1515,61.825,,,,,,,-0.335,-25.2473,-0.32,-24.1168,0.33,25,0.36,26.8156,72.784,71.9263,54.6257,56.8775,11.515,25.0536,8.7544,18.5523,29.9193,30.6394,26.7491,28.9351,-42.8648,-41.2869,-27.8766,-27.9425,9.5559,17.6483,6.4702,9.6794,-1.9591,-7.4053,-2.2842,-8.8729,,,-3.4814,-8.4535,0.0773,-6.4348,-2.4512,0.4845,21.8121,-6.481,0.411,,,"Duque","20240627T095239_logfile.itlog","In hand","Research",,,"missing data: Right hind leg"
1,"walk","left","hard",1.3131,64.8009,0.905,0.845,0.88,0.775,0.42,0.445,0.445,0.535,195.4051,185.9125,131.586,116.9391,68.431,64.6272,66.4151,59.7303,,,,,,,-0.295,-22.4655,-0.37,-28.1771,0.34,25.6604,0.29,22.3507,71.7736,75.2872,56.5485,58.0257,13.494,17.4681,7.3864,18.16,28.8745,31.1333,28.6566,30.3072,-42.8991,-44.1539,-27.8919,-27.7185,9.9189,14.977,5.8759,8.4997,-3.5751,-2.4911,-1.5104,-9.6603,,,7.7054,-14.0793,0.2803,-1.6766,-9.0502,0.3044,21.7491,2.5393,0.3164,,,"Duque","20240627T095239_logfile.itlog","In hand","Research",,,"missing data: Right hind leg"
1,"walk","left","hard",1.2837,64.8456,0.87,0.83,0.85,0.78,0.415,0.48,0.445,0.51,192.7804,180.6015,132.1842,123.7594,67.8363,64.7173,65.8915,60.9375,,,,,,,-0.325,-25.3165,-0.335,-26.0954,0.335,25.969,0.33,25.7812,71.7694,75.1047,57.7851,57.8049,11.5747,12.4747,10.7371,22.1408,28.1208,33.7601,28.7692,28.9583,-43.6486,-41.3446,-29.0158,-28.8465,6.8298,11.4171,6.5663,10.9148,-4.7449,-1.0576,-4.1708,-11.2261,,,0.0629,-21.67,0.221,-2.6296,-7.9889,0.3076,13.2043,-1.3508,0.2471,,,"Duque","20240627T095239_logfile.itlog","In hand","Research",,,"missing data: Right hind leg"
1,"walk","left","hard",1.2662,64.8551,0.855,0.83,0.835,0.765,0.41,0.425,0.435,0.49,201.6703,195.0985,136.62,127.5013,67.4556,65.7426,65.748,60.4743,,,,,,,-0.285,-22.5074,-0.325,-25.6663,0.33,25.9843,0.315,24.9012,72.6185,77.5005,56.5668,57.6408,9.4518,17.57,10.1593,13.9571,30.5093,33.5022,26.9582,27.8284,-42.1093,-43.9983,-29.6087,-29.8124,9.7982,14.0363,7.5935,7.4478,0.3464,-3.5337,-2.5659,-6.5092,,,-8.2625,-32.5039,0.2778,-3.8293,-4.6883,0.2905,18.6587,-4.3858,0.3296,,,"Duque","20240627T095239_logfile.itlog","In hand","Research",,,"missing data: Right hind leg"
1,"walk","left","hard",1.2813,64.2081,0.85,0.83,0.83,0.78,0.415,0.44,0.435,0.51,200.8797,195.2253,135.2321,119.9244,66.7976,63.9692,65.4832,60.5825,,,,,,,-0.3,-23.4146,-0.33,-25.7561,0.33,26.0355,0.31,24.0777,72.0215,74.238,57.2306,59.8013,16.8307,20.0587,6.8053,18.8698,30.6565,31.4311,28.121,31.1384,-41.3649,-42.8069,-29.1096,-28.6629,11.3136,17.2838,6.026,9.2525,-5.5171,-2.7749,-0.7793,-9.6173,,,20.8538,-33.4464,0.574,7.8691,-0.566,-0.3555,10.4297,1.2447,0.1497,,,"Duque","20240627T095239_logfile.itlog","In hand","Research",,,"missing data: Right hind leg"
1,"walk","left","hard",1.305,63.3299,0.855,0.815,0.845,0.79,0.43,0.495,0.44,0.505,191.4068,174.5825,131.5996,129.3078,66.0232,62.0952,65.1252,60.076,,,,,,,-0.3,-22.9885,-0.335,-25.6705,0.34,26.2042,0.35,26.616,71.2012,76.1464,57.0472,58.487,16.0877,18.8724,13.1314,17.9878,30.6138,33.8718,26.901,29.6912,-40.5874,-42.2746,-30.1462,-28.7957,12.7162,15.5901,8.2506,9.5994,-3.3715,-3.2822,-4.8809,-8.3884,,,-0.468,-15.3135,0.1578,0.4093,1.1208,0.1327,3.023,-3.1791,0.109,,,"Duque","20240627T095239_logfile.itlog","In hand","Research",,,"missing data: Right hind leg"
1,"walk","left","hard",1.3156,63.9112,0.905,0.82,0.87,0.77,0.45,0.5,0.465,0.545,182.0799,180.7209,129.6397,116.4307,67.4115,63.3205,65.9091,59.0038,,,,,,,-0.285,-21.6627,-0.365,-27.7435,0.335,25.3788,0.33,25.2874,72.4084,74.1702,55.8267,57.6476,14.8699,15.8072,13.649,16.4357,31.9643,33.5856,27.2159,29.1651,-40.4442,-40.5845,-28.6108,-28.4825,10.5043,12.1833,7.8439,8.343,-4.3656,-3.6239,-5.805,-8.0927,,,6.5605,-32.0739,0.3844,5.1971,-4.1069,-0.0917,16.8861,-6.5636,0.3357,,,"Duque","20240627T095239_logfile.itlog","In hand","Research",,,"missing data: Right hind leg"
1,"walk","left","hard",1.3319,65.3175,0.89,0.925,0.85,0.815,0.425,0.45,0.435,0.525,186.1677,180.0636,137.6908,117.3892,67.4242,67.7656,65.2591,60.8209,,,,,,,-0.275,-20.6476,-0.33,-24.7771,0.36,27.6392,0.305,22.7612,73.1157,77.0671,52.6274,55.9699,13.3918,15.7205,10.569,14.9925,33.6353,34.2688,23.9835,29.1479,-39.4805,-42.7984,-28.6439,-26.8221,11.4194,12.7218,7.4704,6.4394,-1.9724,-2.9987,-3.0987,-8.553,,,9.9506,-28.7746,0.3408,-5.0271,-0.9066,0.2217,5.0446,1.9828,0.05,,,"Duque","20240627T095239_logfile.itlog","In hand","Research",,,"missing data: Right hind leg"
1,"walk","left","hard",1.3356,64.9624,0.905,0.87,0.88,0.815,0.435,0.43,0.47,0.525,190.562,193.1191,120.6526,112.9826,68.0451,65.6604,65.5493,60.5948,,,,,,,-0.325,-24.3332,-0.345,-25.8306,0.365,27.1881,0.32,23.7918,70.3366,75.0001,53.4054,56.5449,13,16.0736,8.7024,17.5031,32.1957,33.761,24.4798,29.4455,-38.141,-41.239,-28.9256,-27.0995,9.4158,13.8054,6.9099,9.2066,-3.5842,-2.2682,-1.7924,-8.2965,,,18.2217,-11.4122,0.3014,2.9095,-1.2414,-0.0949,0.2114,-6.5848,0.1213,,,"Duque","20240627T095239_logfile.itlog","In hand","Research",,,"missing data: Right hind leg"
1,"walk","left","hard",1.3375,64.5723,0.915,0.855,0.885,0.8,0.415,0.48,0.455,0.535,180.4253,171.6768,122.3233,113.2718,68.4112,63.806,65.9218,60.1504,,,,,,,-0.305,-22.8037,-0.375,-28.0374,0.35,26.0708,0.32,24.0602,69.3229,74.2837,54.428,55.1067,10.8762,15.4702,12.3825,17.008,31.1742,31.7959,25.3285,27.0354,-38.1487,-42.4878,-29.0995,-28.0713,9.141,11.8132,8.8204,8.3537,-1.7353,-3.657,-3.562,-8.6543,,,27.5584,-14.6729,0.3911,7.3921,-3.6055,-0.1273,-1.3984,-6.1146,0.0887,,,"Duque","20240627T095239_logfile.itlog","In hand","Research",,,"missing data: Right hind leg"
1,"walk","left","hard",1.3113,65.1714,0.915,0.855,0.87,0.78,0.43,0.49,0.46,0.525,175.2987,171.7055,126.2872,109.8455,69.0566,65.392,65.5367,60.7004,,,,,,,-0.3,-22.8789,-0.355,-27.0734,0.35,26.3653,0.34,26.4591,76.4879,75.6515,54.5933,57.4969,11.618,11.3079,7.7208,14.1119,34.6159,34.7193,24.9472,27.5086,-41.872,-40.9322,-29.6461,-29.9882,7.0141,7.9692,6.2089,6.7117,-4.604,-3.3387,-1.5119,-7.4001,,,18.6678,-18.4166,0.3545,-1.3458,-5.6106,0.3454,-0.5856,-8.523,0.1397,,,"Duque","20240627T095239_logfile.itlog","In hand","Research",,,"missing data: Right hind leg"
1,"walk","left","hard",1.3075,65.6142,0.9,0.875,0.835,0.82,0.39,0.415,0.455,0.485,207.9978,195.6449,122.4772,123.1456,69.4981,66.9216,64.7287,61.3084,,,,,,,-0.28,-21.4149,-0.315,-24.0918,0.33,25.5814,0.345,25.7944,72.6597,72.8842,56.3152,60.1259,12.3179,10.2292,5.9082,10.3379,32.7496,32.1638,26.2494,29.6065,-39.9101,-40.7204,-30.0658,-30.5194,8.8087,9.1308,5.056,4.4291,-3.5093,-1.0983,-0.8522,-5.9087,,,-1.2575,-11.1456,0.0934,-0.3145,-4.0138,0.1642,4.8326,-5.4731,0.1595,,,"Duque","20240627T095239_logfile.itlog","In hand","Research",,,"missing data: Right hind leg"
1,"walk","left","hard",1.2963,64.0172,0.905,0.81,0.85,0.755,0.4,0.45,0.455,0.55,194.6255,177.2465,124.3699,111.4414,69.2161,63.6542,65.0096,58.1888,,,,,,,-0.3,-23.1437,-0.385,-29.7011,0.34,26.0038,0.3,23.1214,74.0101,75.1621,54.0869,57.5264,14.1225,15.2873,10.8941,10.5186,34.0059,31.2751,24.2903,29.0477,-40.0042,-43.887,-29.7966,-28.4787,9.8209,11.6458,8.2389,4.8573,-4.3016,-3.6415,-2.6551,-5.6613,,,-5.7497,-1.6519,-0.0466,0.6276,-5.6018,0.1825,1.1281,-8.5679,0.1535,,,"Duque","20240627T095239_logfile.itlog","In hand","Research",,,"missing data: Right hind leg"
1,"walk","left","hard",1.275,63.7943,0.86,0.835,0.825,0.735,0.405,0.475,0.46,0.535,196.8601,180.0854,121.8822,114.6623,67.319,64.4788,64.5793,58.8,,,,,,,-0.285,-22.3529,-0.365,-28.6275,0.34,26.6145,0.295,23.6,74.2526,74.3998,54.6642,58.4794,13.618,13.1793,11.8033,17.6326,31.9549,31.861,25.0764,32.3725,-42.2977,-42.5389,-29.5878,-26.1069,8.2101,11.5888,7.7137,8.5652,-5.4079,-1.5905,-4.0895,-9.0674,,,9.3876,-14.1011,0.2068,-0.5883,-1.7833,0.1598,3.669,-9.7646,0.203,,,"Duque","20240627T095239_logfile.itlog","In hand","Research",,,"missing data: Right hind leg"
1,"walk","left","hard",1.2663,64.6422,0.865,0.78,0.845,0.785,0.43,0.445,0.445,0.495,192.7711,189.6523,127.7354,126.6814,68.1102,62.9032,65.3772,62.1782,,,,,,,-0.27,-21.3228,-0.305,-24.0869,0.36,27.853,0.345,27.3267,78.3463,78.6452,57.1749,58.1877,13.6123,13.5082,10.3789,14.6515,34.4135,34.2709,27.6327,26.3304,-43.9328,-44.3743,-29.5423,-31.8573,7.4051,10.6926,8.355,8.3115,-6.2072,-2.8157,-2.0239,-6.34,,,12.4208,6.9214,0.0667,-0.5811,-1.3987,0.0567,-4.5346,-1.3071,-0.0545,,,"Duque","20240627T095239_logfile.itlog","In hand","Research",,,"missing data: Right hind leg"
1,"walk","left","hard",1.2275,64.0486,0.835,0.77,0.775,0.765,0.38,0.475,0.45,0.46,223.6302,190.7356,133.0456,132.3342,67.7485,62.9857,63.2653,62.1951,,,,,,,-0.285,-23.2179,-0.305,-24.8473,0.31,25.3061,0.355,28.8618,75.0151,78.5142,57.1812,59.628,12.2299,19.6982,8.7296,12.9083,31.2655,35.8243,27.1984,28.504,-43.7497,-42.6899,-29.9828,-31.124,6.7532,12.9846,5.533,6.6206,-5.4767,-6.7135,-3.1966,-6.2878,,,-10.1091,-10.4622,0.0037,-0.3063,-1.2423,-0.0431,-4.156,-5.0998,0.0152,,,"Duque","20240627T095239_logfile.itlog","In hand","Research",,,"missing data: Right hind leg"
1,"walk","left","hard",1.25,64.8018,0.83,0.84,0.795,0.775,0.415,0.43,0.45,0.47,205.2936,210.3768,132.6874,135.4066,66.6667,66.9323,63.8554,61.753,,,,,,,-0.255,-20.4,-0.29,-23.2,0.335,26.9076,0.32,25.498,73.9406,75.0284,57.9823,58.292,14.0426,14.6591,12.2148,18.3993,32.2526,32.0024,27.0762,27.6987,-41.688,-43.026,-30.906,-30.5933,8.3402,12.2581,8.2156,9.8954,-5.7024,-2.401,-3.9991,-8.5039,,,-32.0277,-3.723,-0.2542,2.137,2.9969,-0.1602,-5.2328,-1.4929,-0.0559,,,"Duque","20240627T095239_logfile.itlog","In hand","Research",,,"missing data: Right hind leg"
1,"walk","left","hard",1.255,64.6365,0.83,0.835,0.815,0.765,0.415,0.4,0.45,0.49,198.0243,204.1367,137.4327,128.9359,66.5331,66.0079,64.6825,61.3226,,,,,,,-0.3,-23.9044,-0.31,-24.7012,0.335,26.5873,0.295,23.6473,74.8701,77.7912,55.5915,56.1627,13.1693,14.5081,9.9855,19.7846,33.5387,32.534,25.7133,26.6955,-41.3314,-45.2571,-29.8783,-29.4672,7.2102,12.5037,7.1666,10.7945,-5.9591,-2.0043,-2.8189,-8.9901,,,-4.7391,-19.2227,0.1366,7.2839,-2.8181,-0.2411,5.7771,-8.2371,0.1965,,,"Duque","20240627T095239_logfile.itlog","In hand","Research",,,"missing data: Right hind leg"
1,"walk","left","hard",1.2588,64.1458,0.85,0.79,0.81,0.78,0.42,0.46,0.44,0.475,195.6004,192.2836,133.8079,126.2929,66.6667,63.3267,64.9299,61.6601,,,,,,,-0.315,-25.0248,-0.3,-23.8332,0.33,26.4529,0.35,27.668,72.4476,78.1837,58.5885,58.8772,16.5462,18.5042,9.7364,17.8747,30.6248,34.18,28.979,28.0518,-41.8228,-44.0037,-29.6095,-30.8255,11.5138,13.9755,7.0458,9.4838,-5.0324,-4.5287,-2.6907,-8.3909,,,-14.0613,9.021,-0.2991,7.7553,4.2388,-0.3803,-0.0888,-0.9214,0.0137,,,"Duque","20240627T095239_logfile.itlog","In hand","Research",,,"missing data: Right hind leg"
1,"walk","left","hard",1.2256,63.8197,0.81,0.76,0.83,0.73,0.43,0.455,0.435,0.495,193.8617,196.5146,137.9723,128.5956,66.2577,62.423,66.2675,60.3306,,,,,,,-0.265,-21.6216,-0.295,-24.0694,0.365,29.1417,0.32,26.4463,78.7716,77.2646,56.4516,60.0887,16.575,21.5476,10.4274,17.7366,34.1541,31.4402,24.8982,29.0642,-44.6175,-45.8244,-31.5533,-31.0246,7.7773,16.4647,7.1691,9.1817,-8.7977,-5.0828,-3.2583,-8.5549,,,26.0722,-19.5476,0.3636,-6.0985,-7.823,0.4356,12.3527,1.3643,0.1479,,,"Duque","20240627T095239_logfile.itlog","In hand","Research",,,"missing data: Right hind leg"
1,"walk","left","hard",1.1956,63.1522,0.785,0.735,0.77,0.73,0.395,0.46,0.41,0.465,223.5592,202.4592,145.8671,145.763,65.4167,61.5063,64.9789,60.7069,,,,,,,-0.26,-21.7459,-0.285,-23.8369,0.33,27.8481,0.345,28.6902,73.2544,77.9638,61.7029,61.0883,23.5881,19.8626,7.5319,20.7284,30.9012,35.3358,30.9319,31.788,-42.3532,-42.628,-30.771,-29.3003,13.6904,16.6038,5.2078,10.4293,-9.8977,-3.2588,-2.3241,-10.2991,,,-1.6905,-4.1829,0.0258,,-1.2387,0.3833,0.2266,-1.4354,0.0248,,,"Duque","20240627T095239_logfile.itlog","In hand","Research",,,"missing data: Right hind leg"
1,"walk","left","hard",1.2056,63.5524,0.765,0.755,0.8,0.745,0.435,0.46,0.42,0.48,197.1302,196.395,147.1159,138.4868,63.8831,63.048,65.7084,61.5702,,,,,,,-0.23,-19.0772,-0.275,-22.8097,0.36,29.5688,0.33,27.2727,76.9225,79.2713,60.3735,61.4778,15.3279,20.4832,15.0689,20.9635,31.1083,32.6582,28.1429,29.0974,-45.8142,-46.6131,-32.2306,-32.3803,9.0851,17.2825,9.4161,12.1623,-6.2427,-3.2007,-5.6528,-8.8012,,,9.4826,8.0846,0.0137,5.201,-3.8964,-0.0268,-2.7431,0.5404,-0.0484,,,"Duque","20240627T095239_logfile.itlog","In hand","Research",,,"missing data: Right hind leg"
1,"walk","left","hard",1.2088,63.1977,0.76,0.78,0.77,0.745,0.43,0.425,0.415,0.45,211.946,218.6847,155.4642,147.2477,63.4656,64.1975,64.4351,60.6925,,,,,,,-0.25,-20.6825,-0.275,-22.7508,0.34,28.4519,0.315,25.6619,75.1223,76.4795,61.0764,61.5808,18.2911,20.7027,12.8849,17.7967,32.645,32.2696,29.698,30.0054,-42.4773,-44.2099,-31.3784,-31.5754,12.1964,16.8243,7.4654,8.716,-6.0947,-3.8783,-5.4195,-9.0807,,,12.7811,2.5484,0.0961,-5.895,-1.2418,0.2823,9.4406,-4.7972,0.1762,,,"Duque","20240627T095239_logfile.itlog","In hand","Research",,,"missing data: Right hind leg"
1,"walk","left","hard",1.205,62.4295,0.76,0.745,0.805,0.7,0.445,0.445,0.435,0.515,199.5941,195.1931,145.7023,127.3641,63.4656,62.7368,65.1822,58.3333,,,,,,,-0.275,-22.8216,-0.33,-27.3859,0.34,27.5304,0.28,23.3333,75.8742,80.4528,60.0349,59.601,12.5889,19.1624,14.2899,21.8111,30.9215,34.7384,27.423,29.2697,-44.9527,-45.7145,-32.6119,-30.3314,8.6863,16.1233,9.129,11.3217,-3.9026,-3.0391,-5.1609,-10.4894,,,-15.2694,,0.2138,8.0148,-1.6938,-0.3336,5.1032,-1.4186,0.0836,,,"Duque","20240627T095239_logfile.itlog","In hand","Research",,,"missing data: Right hind leg"
1,"walk","left","hard",1.215,63.3662,0.79,0.8,0.765,0.725,0.43,0.44,0.425,0.485,202.8916,211.6012,144.0638,132.4318,64.8871,64.7773,63.8831,59.9174,,,,,,,-0.28,-23.0453,-0.325,-26.749,0.3,25.0522,0.28,23.1405,75.0794,78.2648,57.9277,62.285,16.7097,11.9214,13.1792,13.8002,31.5427,33.6694,25.3254,30.5545,-43.5367,-44.5954,-32.6023,-31.7304,10.7266,10.6974,10.8175,7.4011,-5.9832,-1.2241,-2.3617,-6.3991,,,14.136,-18.7781,0.3084,7.8165,-3.9171,-0.2278,-0.9509,-1.1435,0.0026,,,"Duque","20240627T095239_logfile.itlog","In hand","Research",,,"missing data: Right hind leg"
1,"walk","left","hard",1.2119,63.0067,0.805,0.76,0.775,0.715,0.425,0.43,0.44,0.485,201.0373,195.2932,141.4037,136.2762,65.4472,62.423,64.4491,59.7077,,,,,,,-0.3,-24.755,-0.32,-26.4054,0.31,25.7796,0.3,25.0522,75.4643,76.3854,59.9586,60.8511,22.9146,21.948,11.5887,20.001,33.3801,32.2475,27.9557,30.1394,-42.0842,-44.1379,-32.0029,-30.7117,14.3394,17.4294,7.2533,10.9993,-8.5752,-4.5186,-4.3354,-9.0018,,,1.2509,-4.9502,0.0557,4.0564,8.6507,-0.2316,-1.2159,-4.9627,0.049,,,"Duque","20240627T095239_logfile.itlog","In hand","Research",,,"missing data: Right hind leg"
1,"walk","left","hard",1.2381,63.5102,0.825,0.755,0.8,0.765,0.425,0.485,0.415,0.48,204.1915,188.824,148.8702,133.0497,66.6667,61.1336,65.0407,61.2,,,,,,,-0.26,-20.9995,-0.285,-23.0187,0.35,28.4553,0.35,28,71.6276,74.489,59.6475,61.6951,14.3828,16.9809,12.6798,20.1732,29.2072,33.0614,27.238,28.5052,-42.4204,-41.4276,-32.4095,-33.19,8.3937,16.112,7.8537,10.454,-5.989,-0.8689,-4.8261,-9.7192,,,30.5512,-22.6142,0.3986,3.886,1.8517,-0.1008,5.3321,1.9409,0.0438,,,"Duque","20240627T095239_logfile.itlog","In hand","Research",,,"missing data: Right hind leg"
1,"walk","left","hard",1.205,63.8616,0.82,0.735,0.8,0.725,0.4,0.475,0.445,0.49,201.2302,176.0063,142.9507,132.7808,66.6667,62.6866,65.0407,61.0526,,,,,,,-0.26,-21.5768,-0.315,-26.1411,0.33,26.8293,0.325,27.3684,76.2137,77.5191,57.3217,58.5724,22.1172,20.7747,11.0426,17.742,34.7465,31.5669,26.5113,26.7044,-41.4673,-45.9521,-30.8103,-31.868,14.1528,12.0421,6.9138,9.7366,-7.9644,-8.7325,-4.1288,-8.0054,,,2.1044,14.8278,-0.1274,6.8543,-2.6088,-0.2226,,-2.5571,0.292,,,"Duque","20240627T095239_logfile.itlog","In hand","Research",,,"missing data: Right hind leg"
2,"trot","left","hard",0.7725,54.3457,0.435,0.455,0.405,0.385,0.335,0.345,0.33,0.385,290.0824,307.2871,209.8326,197.2558,56.3107,57.4132,53.8206,49.8382,,,0,0,0,0,0,0,-0.005,-0.6472,,,,,84.8834,82.5146,56.2593,65.1732,23.4705,24.8259,12.2835,22.3358,28.3068,26.933,26.0912,33.8471,-56.5767,-55.5816,-30.1681,-31.3261,18.1708,22.4902,8.1815,14.1339,-5.2997,-2.3357,-4.1019,-8.2018,,,16.7301,11.1664,0.3234,-19.4448,-9.9953,-0.3666,9.4077,1.6526,0.197,,,"Duque","20240627T095239_logfile.itlog","In hand","Research",,,"missing data: Right hind leg"
2,"trot","left","hard",0.7475,51.1691,0.38,0.395,0.4,0.355,0.34,0.33,0.365,0.39,306.7233,288.2734,199.3408,204.2689,51.1785,53.5593,52.2876,47.651,,,0,0,0,0,0.015,2.0067,-0.005,-0.6689,,,,,83.4144,77.3196,57.7311,63.7277,27.357,41.8357,14.3779,22.5778,26.8331,24.2825,27.7692,31.6478,-56.5813,-53.0371,-29.9619,-32.0799,19.2911,34.6571,7.9625,13.7205,-8.0659,-7.1786,-6.4154,-8.8573,,,24.9649,7.6697,0.5945,-26.7468,-6.557,-0.3131,9.8558,0.5804,0.119,,,"Duque","20240627T095239_logfile.itlog","In hand","Research",,,"missing data: Right hind leg"
2,"trot","left","hard",0.7506,50.4583,0.39,0.39,0.38,0.355,0.385,0.355,0.365,0.39,284.9787,294.1218,207.4362,196.0467,52.1739,51.1475,51.1785,47.3333,,,0,0,0,0,0,0,0.015,1.9983,,,,,84.0226,81.1577,53.6489,64.4398,22.2875,42.2014,12.4169,23.9689,29.3558,26.0354,23.1853,33.3837,-54.6668,-55.1223,-30.4636,-31.0561,19.7216,35.3986,8.052,14.1578,-2.5659,-6.8028,-4.3649,-9.8111,,,24.743,20.548,0.7178,-34.3395,4.9834,-0.3686,22.5751,1.3516,0.3333,,,"Duque","20240627T095239_logfile.itlog","In hand","Research",,,"missing data: Right hind leg"
2,"trot","left","hard",0.7462,49.568,0.4,0.37,0.385,0.325,0.33,0.39,0.36,0.4,300.3381,290.5655,203.0473,197.3035,53.8721,49.1694,51.1628,44.0678,,,0,0,0,0,0.04,5.3601,-0.02,-2.6801,,,,,87.6682,79.353,55.2737,65.791,20.5692,40.2575,14.2942,23.9461,27.525,28.6698,24.6813,32.0114,-60.1433,-50.6831,-30.5924,-33.7796,20.7083,34.9653,10.5871,14.1278,0.1391,-5.2923,-3.7071,-9.8183,,,14.6175,28.6962,0.5383,-32.9909,4.4454,-0.3589,23.2133,-2.8962,0.1818,,,"Duque","20240627T095239_logfile.itlog","In hand","Research",,,"missing data: Right hind leg"
2,"trot","left","hard",0.7625,50.0259,0.4,0.37,0.395,0.36,0.355,0.375,0.375,0.425,310.8434,295.2787,201.2063,189.2441,53.3333,50,50.3185,46.4516,,,0,0,0,0,0.025,3.2787,-0.015,-1.9672,,,,,89.0304,79.8505,53.5313,65.4257,12.4784,39.9035,18.8838,18.2133,28.642,25.6976,26.3967,34.099,-60.3884,-54.1529,-27.1346,-31.3267,8.9323,33.8442,14.9287,10.1986,-3.5461,-6.0593,-3.9551,-8.0147,,,5.51,15.2061,0.4236,-28.3009,4.9961,-0.1467,24.1159,-15.825,0.0553,,,"Duque","20240627T095239_logfile.itlog","In hand","Research",,,"missing data: Right hind leg"
2,"trot","left","hard",0.7625,49.9711,0.465,0.4,0.355,0.31,0.345,0.365,0.405,0.405,308.6079,288.6122,188.08,188.2629,58.125,51.4469,48.1356,42.1769,,,0,0,0,0,-0.04,-5.2459,-0.035,-4.5902,,,,,88.5382,83.6095,60.5171,64.7975,33.1348,42.7331,9.88,22.4161,29.4089,26.392,33.0105,30.6963,-59.1293,-57.2174,-27.5066,-34.1011,25.1539,36.982,8.7285,11.9618,-7.9808,-5.7511,-1.1514,-10.4543,,,32.0106,27.558,0.6956,-40.4855,,-0.2351,22.6034,,0.1009,,,"Duque","20240627T095239_logfile.itlog","In hand","Research",,,"missing data: Right hind leg"
2,"trot","left","hard",0.7544,47.066,0.375,0.365,0.38,0.3,0.325,0.39,0.36,0.445,299.6272,297.5814,208.7687,177.191,51.0204,48.3444,49.0323,39.8671,,,0,0,0.02,2.6512,0.035,4.6396,0,0,,,,,87.185,84.3064,63.9636,66.3751,35.9409,41.7334,20.8693,25.819,28.2746,27.6336,34.0736,31.5236,-58.9105,-56.6729,-29.8899,-34.8515,29.1094,35.8492,13.7141,14.2999,-6.8315,-5.8842,-7.1551,-11.5192,,,32.2791,20.4091,0.6756,-35.2522,15.0183,-0.3646,11.0901,-11.0281,0.0824,,,"Duque","20240627T095239_logfile.itlog","In hand","Research",,,"missing data: Right hind leg"
2,"trot","left","hard",0.7394,45.8601,0.35,0.35,0.32,0.335,0.395,0.39,0.43,0.46,296.9821,305.1458,198.9082,186.8664,48.2759,48.2759,43.0976,43.7908,,,0.015,2.0287,0,0,-0.02,-2.705,0.01,1.3525,,,,,90.4128,80.7232,61.5104,62.6292,19.7185,46.2878,21.1029,25.1147,30.1161,27.4074,38.4712,31.4647,-60.2967,-53.3158,-23.0392,-31.1645,15.0483,38.2777,12.3023,13.6002,-4.6701,-8.0101,-8.8006,-11.5145,,,26.8433,13.9128,0.6114,-29.301,-0.9111,-0.3805,8.9662,-5.1809,0.0575,,,"Duque","20240627T095239_logfile.itlog","In hand","Research",,,"missing data: Right hind leg"
2,"trot","left","hard",0.745,49.1109,0.39,0.395,0.33,0.35,0.355,0.36,0.415,0.4,320.8893,303.6034,190.6667,193.94,51.8272,51.8033,45.8333,46.9799,,,0,0,0,0,-0.045,-6.0403,-0.02,-2.6846,,,,,87.7045,80.9373,63.1024,62.1158,25.5334,44.5222,13.573,28.6175,27.2805,26.1447,34.8706,31.0081,-60.424,-54.7926,-28.2317,-31.1077,22.373,39.7076,10.1406,15.7389,-3.1604,-4.8146,-3.4324,-12.8786,,,25.6233,10.0473,0.6212,-31.1169,-0.0292,-0.4795,18.677,0.5752,0.2897,,,"Duque","20240627T095239_logfile.itlog","In hand","Research",,,"missing data: Right hind leg"
2,"trot","left","hard",0.7531,48.266,0.375,0.375,0.385,0.32,0.37,0.375,0.365,0.39,310.7796,303.8427,199.1775,196.1064,49.6689,50.1672,49.8382,43.3898,,,0,0,0.01,1.3278,0.03,3.9834,0,0,,,,,88.0352,81.3379,61.7276,64.0423,30.5114,41.9059,17.5447,23.425,28.3827,26.9312,31.442,27.7718,-59.6525,-54.4067,-30.2856,-36.2705,22.2625,35.7591,11.0704,14.3045,-8.2488,-6.1468,-6.4743,-9.1205,,,18.5393,48.777,0.8073,-34.5023,-10.741,-0.4111,-18.2873,2.1084,-0.2435,,,"Duque","20240627T095239_logfile.itlog","In hand","Research",,,"missing data: Right hind leg"
2,"trot","left","hard",0.7556,48.9739,0.4,0.38,0.345,0.355,0.39,0.37,0.41,0.445,298.7294,288.38,190.9747,171.9745,52.6316,50.8361,46.6216,45.8065,,,0,0,0,0,-0.02,-2.6468,0,0,,,,,85.631,78.113,59.9008,61.9097,23.5079,41.7606,12.9975,21.3999,27.1702,24.0243,31.169,30.4194,-58.4608,-54.0886,-28.7318,-31.4904,15.769,34.3927,7.5101,11.8894,-7.7389,-7.3679,-5.4873,-9.5105,,,23.4122,48.8581,0.7684,-33.9616,3.8539,-0.3983,13.5675,-0.308,0.1674,,,"Duque","20240627T095239_logfile.itlog","In hand","Research",,,"missing data: Right hind leg"
2,"trot","left","hard",0.7431,50.2834,0.385,0.395,0.37,0.345,0.33,0.365,0.38,0.395,303.7063,286.9485,191.7741,183.2483,52.5597,51.8033,49.8316,46.9388,,,0,0,0,0,0,0,-0.02,-2.6913,,,,,83.255,79.6669,57.2007,60.0751,33.481,40.0573,16.6447,27.0426,25.1725,26.7834,25.6448,29.9767,-58.0825,-52.8835,-31.5559,-30.0985,26.7372,33.8818,7.9671,14.5687,-6.7438,-6.1755,-8.6776,-12.4738,,,29.0252,30.1746,0.7587,-32.4902,1.0339,,17.4103,-3.4392,0.2348,,,"Duque","20240627T095239_logfile.itlog","In hand","Research",,,"missing data: Right hind leg"
2,"trot","left","hard",0.7225,49.1355,0.36,0.355,0.37,0.335,0.365,0.37,0.365,0.385,300.3389,297.7003,193.9756,195.2037,50,49.6503,50.6849,46.2069,,,0,0,0,0,0.03,4.1522,0,0,,,,,83.8996,78.258,54.9861,60.6412,20.3211,38.1579,12.8038,22.0624,27.0011,27.2715,26.9916,30.6724,-56.8984,-50.9865,-27.9945,-29.9688,16.2049,33.479,7.0682,12.3232,-4.1163,-4.6789,-5.7355,-9.7392,,,9.8708,29.5854,0.5812,-30.6048,-2.2964,-0.3113,12.9242,-10.2834,-0.0493,,,"Duque","20240627T095239_logfile.itlog","In hand","Research",,,"missing data: Right hind leg"
2,"trot","left","hard",0.7444,50.0522,0.385,0.38,0.38,0.345,0.355,0.35,0.355,0.395,294.7661,283.9109,199.6528,178.8524,51.505,51.5254,51.1785,46,,,0,0,0,0,0.01,1.3434,-0.015,-2.0151,,,,,86.5547,79.9802,52.1416,60.2507,25.8425,38.3262,12.0458,19.6946,25.557,26.7252,23.5654,27.4453,-60.9977,-53.255,-28.5762,-32.8055,18.295,30.4966,8.7153,11.1773,-7.5475,-7.8296,-3.3305,-8.5174,,,42.0283,30.752,0.8614,-26.7037,11.1701,-0.1565,12.5592,-9.1625,0.0748,,,"Duque","20240627T095239_logfile.itlog","In hand","Research",,,"missing data: Right hind leg"
2,"trot","left","hard",0.7512,48.7077,0.395,0.385,0.375,0.31,0.37,0.365,0.37,0.415,306.1515,277.1489,189.3498,171.7316,51.8033,50.6579,50.3356,42.0339,,,0,0,0,0,0.005,0.6656,-0.02,-2.6622,,,,,85.5073,79.7226,54.0248,61.8605,24.0472,44.4014,14.1916,26.7157,24.6636,25.3462,23.8855,27.7473,-60.8438,-54.3765,-30.1393,-34.1132,21.486,38.8928,8.8194,16.3259,-2.5612,-5.5085,-5.3721,-10.3898,,,45.5416,45.4363,0.8849,-30.2152,12.8835,-0.2196,17.8215,-6.1711,0.1897,,,"Duque","20240627T095239_logfile.itlog","In hand","Research",,,"missing data: Right hind leg"
2,"trot","left","hard",0.7731,48.9874,0.395,0.365,0.4,0.355,0.365,0.385,0.37,0.44,302.0347,288.3998,193.6695,172.6562,51.2987,48.505,50.6329,45.5128,,,0,0,0,0,0.03,3.8804,-0.01,-1.2935,,,,,83.8282,74.6452,51.3532,62.6726,24.8527,43.5969,18.2809,22.9402,24.9295,25.6344,23.5071,30.6665,-58.8987,-49.0108,-27.8461,-32.006,20.3216,37.1531,14.1728,14.0117,-4.5311,-6.4437,-4.1082,-8.9284,,,49.3049,21.93,0.8018,-28.5789,9.3743,-0.2874,13.6709,-0.6658,0.147,,,"Duque","20240627T095239_logfile.itlog","In hand","Research",,,"missing data: Right hind leg"
2,"trot","left","hard",0.7688,47.4902,0.37,0.375,0.35,0.365,0.385,0.39,0.41,0.41,283.4471,260.2055,178.2655,180.3793,49.1694,48.3871,45.3074,47.0968,,,0.005,0.6504,0.03,3.9024,-0.025,-3.252,0.005,0.6504,,,,,86.5493,80.3739,54.0141,62.1315,19.4536,37.7407,18.4499,17.9672,27.9272,26.279,30.3805,31.4706,-58.622,-54.095,-23.6336,-30.6609,13.819,31.7695,13.7698,11.4317,-5.6346,-5.9712,-4.6801,-6.5356,,,49.2503,29.6551,0.8216,-22.9494,5.321,-0.2389,3.6478,-3.6072,-0.0157,,,"Duque","20240627T095239_logfile.itlog","In hand","Research",,,"missing data: Right hind leg"
2,"trot","left","hard",0.76,47.3122,0.395,0.37,0.32,0.355,0.38,0.41,0.435,0.41,289.9318,254.6699,177.5383,175.2197,50.8039,48.0519,43.8356,46.5574,,,0,0,0,0,-0.025,-3.2895,-0.02,-2.6316,,,,,90.7423,81.7973,57.6379,64.1289,24.4259,41.6245,11.9179,24.2814,27.7596,30.0427,32.1451,33.4594,-62.9826,-51.7546,-25.4928,-30.6695,20.7083,34.5911,8.3225,12.1357,-3.7176,-7.0334,-3.5954,-12.1457,,,23.1275,26.1865,0.5826,-30.256,0.5173,-0.4033,14.4464,-1.5528,0.1892,,,"Duque","20240627T095239_logfile.itlog","In hand","Research",,,"missing data: Right hind leg"
2,"trot","left","hard",0.7763,48.7711,0.395,0.385,0.395,0.34,0.385,0.39,0.385,0.405,304.3191,283.1954,183.9075,190.4324,50.3185,49.5177,50.8039,44.4444,,,0,0,0,0,0.03,3.8647,0,0,,,,,88.2635,80.6667,60.9761,65.1831,27.5444,43.1902,13.4566,21.643,26.1495,25.4513,30.943,31.2707,-62.1139,-55.2154,-30.0331,-33.9124,23.9128,39.6819,12.6165,14.5135,-3.6315,-3.5082,-0.84,-7.1295,,,7.8141,18.591,0.429,,-5.7686,-0.4669,29.5576,-0.1383,0.3752,,,"Duque","20240627T095239_logfile.itlog","In hand","Research",,,"missing data: Right hind leg"
2,"trot","left","hard",0.7831,49.3258,0.385,0.38,0.41,0.37,0.395,0.395,0.38,0.445,290.3871,284.5127,201.1196,178.7613,49.0446,49.8361,51.735,46.6877,,,0,0,0,0,0.035,4.4693,0.005,0.6385,,,,,87.6074,81.8965,61.3663,63.7825,26.3753,37.5314,10.9996,20.5882,27.183,26.316,30.8989,35.0853,-60.4244,-55.5805,-30.4674,-28.6972,18.4376,32.0654,9.3081,10.1813,-7.9377,-5.466,-1.6915,-10.4069,,,31.0199,21.7993,0.6306,-32.4756,4.0315,-0.2443,18.3807,-2.1425,0.0844,,,"Duque","20240627T095239_logfile.itlog","In hand","Research",,,"missing data: Right hind leg"
2,"trot","left","hard",0.7688,48.7594,0.365,0.405,0.39,0.34,0.405,0.37,0.385,0.4,288.3485,285.1774,196.2931,184.8524,48.3444,52.5974,49.2114,44.8845,,,0,0,0,0,-0.01,-1.3008,0.025,3.252,,,,,88.2141,80.3476,60.3803,64.9316,16.5478,37.0217,15.415,21.1945,28.8171,26.5367,31.5444,29.9495,-59.397,-53.8109,-28.8359,-34.9821,11.9359,31.4717,8.7891,12.1167,-4.6119,-5.5501,-6.6259,-9.0778,,,25.1602,5.7459,0.3366,-26.3306,11.8997,-0.2776,18.8122,-8.0835,0.2456,,,"Duque","20240627T095239_logfile.itlog","In hand","Research",,,"missing data: Right hind leg"
2,"trot","left","hard",0.7712,48.6098,0.39,0.41,0.335,0.365,0.375,0.36,0.42,0.435,293.7425,279.2793,181.5934,175.9903,50.3226,53.2468,44.2244,46.6454,,,0,0,0,0,-0.055,-7.1313,-0.01,-1.2966,,,,,87.4469,81.9372,58.4432,60.299,24.352,38.2512,17.2183,24.5498,27.9043,26.5755,32.8522,30.5114,-59.5426,-55.3617,-25.591,-29.7877,19.1537,32.6597,10.6422,12.8595,-5.1983,-5.5915,-6.5761,-11.6903,,,17.94,-3.0619,0.3048,-29.0637,1.3243,-0.3753,9.7022,4.7272,0.1494,,,"Duque","20240627T095239_logfile.itlog","In hand","Research",,,"missing data: Right hind leg"
2,"trot","left","hard",0.7688,49.7259,0.405,0.405,0.35,0.37,0.395,0.36,0.425,0.4,280.0086,288.5543,179.7927,179.1105,51.7572,52.4272,46.8227,47.8964,,,0,0,0,0,-0.045,-5.8537,0.01,1.3008,,,,,84.7702,81.1536,59.768,63.751,20.535,38.334,11.9417,25.2122,28.4317,26.7972,32.5811,32.2592,-56.3386,-54.3564,-27.1869,-31.4918,15.2769,32.8922,8.691,13.9853,-5.2581,-5.4418,-3.2507,-11.2269,,,35.1072,8.871,0.5609,-35.8385,-3.4707,-0.4758,18.9493,5.3693,0.3415,,,"Duque","20240627T095239_logfile.itlog","In hand","Research",,,"missing data: Right hind leg"
2,"trot","left","hard",0.7731,50.761,0.415,0.4,0.39,0.365,0.36,0.375,0.37,0.405,270.0868,271.8056,191.1295,190.7478,53.3762,51.7799,50.4854,47.4026,,,0,0,0,0,0.015,1.9402,0,0,,,,,87.0609,79.8933,57.3277,62.7276,27.112,35.7005,15.8971,25.4663,29.0326,26.4586,25.3775,30.8742,-58.0283,-53.4347,-31.9501,-31.8534,18.8439,29.5737,9.8279,12.6409,-8.2681,-6.1268,-6.0692,-12.8254,,,31.7393,24.5564,0.7083,-28.1223,-7.3756,-0.2859,18.0382,7.7778,0.1712,,,"Duque","20240627T095239_logfile.itlog","In hand","Research",,,"missing data: Right hind leg"
2,"trot","left","hard",0.7694,49.0788,0.375,0.39,0.385,0.36,0.365,0.37,0.395,0.405,277.4477,272.1209,180.8662,182.6836,50.1672,50.8143,48.5804,46.7532,,,0.005,0.6499,0,0,0,0,0.01,1.2998,,,,,86.2143,81.3138,55.3222,61.383,20.4324,37.8563,17.8879,22.0917,27.2624,24.939,25.2592,29.4074,-58.9518,-56.3747,-30.0631,-31.9756,14.189,32.5323,10.6375,12.3125,-6.2434,-5.3239,-7.2504,-9.7793,,,33.5413,27.881,0.7215,-31.5716,12.68,-0.1668,15.1125,-10.0031,0.0236,,,"Duque","20240627T095239_logfile.itlog","In hand","Research",,,"missing data: Right hind leg"
2,"trot","left","hard",0.7794,47.959,0.39,0.395,0.355,0.355,0.38,0.385,0.42,0.415,285.6929,276.656,174.1363,171.3632,50.3226,50.4792,45.0794,45.9547,,,0,0,0.01,1.2831,-0.03,-3.8492,-0.01,-1.2831,,,,,85.2746,80.7659,53.5228,60.9373,24.895,34.8251,17.7977,23.0408,27.9064,26.5325,27.846,29.2138,-57.3682,-54.2334,-25.6768,-31.7235,18.9197,29.0528,10.5961,13.1163,-5.9753,-5.7723,-7.2016,-9.9245,,,29.2626,39.8314,0.7293,-30.5942,20.6634,-0.2529,9.47,-14.351,-0.0473,,,"Duque","20240627T095239_logfile.itlog","In hand","Research",,,"missing data: Right hind leg"
2,"trot","left","hard",0.7781,47.8286,0.385,0.415,0.325,0.365,0.39,0.39,0.445,0.42,272.9744,265.8775,169.1877,172.4154,50.3268,51.3932,42.3453,47.2492,,,0,0,0.045,5.7831,-0.045,-5.7831,-0.005,-0.6426,,,,,85.3237,81.3568,52.3909,59.3474,19.0922,25.9465,17.8609,20.396,26.7194,27.0529,29.143,29.6942,-58.6043,-54.3039,-23.2479,-29.6532,13.5967,21.8707,10.5328,11.6479,-5.4955,-4.0758,-7.3281,-8.7481,,,31.0776,32.5917,0.6564,-30.0345,10.5383,-0.2535,17.6736,-15.5785,0.0948,,,"Duque","20240627T095239_logfile.itlog","In hand","Research",,,"missing data: Right hind leg"
2,"trot","left","hard",0.7375,48.1408,0.38,0.355,0.33,0.355,0.37,0.395,0.44,0.395,289.4868,244.0092,170.2833,175.6864,51.0067,49.4774,44.7458,47.3333,,,0,0,0,0,0,0,-0.01,-1.3559,,,,,85.2986,82.4267,54.644,60.9305,27.0527,37.9093,13.8394,25.4237,26.7268,31.4221,29.6552,29.4182,-58.5718,-51.0046,-24.9888,-31.5122,18.91,30.3972,8.7593,12.4048,-8.1427,-7.5121,-5.0801,-13.0189,,,41.0721,41.4765,,-36.4873,13.4295,-0.4376,26.9879,-10.9494,0.3862,,,"Duque","20240627T095239_logfile.itlog","In hand","Research",,,"missing data: Right hind leg"
2,"trot","left","hard",0.7713,49.5788,0.405,0.405,0.37,0.35,0.36,0.33,0.375,0.395,308.491,326.0586,200.2684,185.0793,51.9231,52.5974,47.7419,46.0526,,,0,0,0.02,2.5932,-0.02,-2.5932,-0.02,-2.5932,,,,,86.8406,76.8888,50.1197,63.9632,26.3918,40.1511,21.0618,23.649,24.5308,25.9264,26.6308,34.0403,-62.3098,-50.9624,-23.489,-29.9229,21.5493,36.4311,13.8046,12.5572,-4.8424,-3.72,-7.2572,-11.0918,,,10.9651,0.1096,0.2621,-20.3133,3.1257,-0.1591,18.5466,7.0645,0.1944,,,"Duque","20240627T095239_logfile.itlog","In hand","Research",,,"missing data: Right hind leg"
2,"trot","left","hard",0.77,46.5941,0.38,0.375,0.33,0.35,0.39,0.4,0.435,0.425,290.4504,248.7036,170.2287,179.8099,49.8361,48.3871,43.1373,45.0161,,,0,0,0.025,3.2468,-0.02,-2.5974,0,0,,,,,87.9877,80.0282,54.0715,61.8184,22.0366,31.2134,18.1068,21.9983,27.0787,26.7317,30.6802,30.1383,-60.909,-53.2964,-23.3913,-31.68,17.0317,27.0229,13.2351,12.4681,-5.0049,-4.1905,-4.8717,-9.5302,,,13.4764,26.0769,0.5874,-17.0909,2.1643,-0.1812,9.0093,-4.2713,0.0934,,,"Duque","20240627T095239_logfile.itlog","In hand","Research",,,"missing data: Right hind leg"
2,"trot","left","hard",0.7825,48.5296,0.42,0.375,0.35,0.375,0.375,0.4,0.435,0.43,295.9942,250.2009,174.3671,168.4111,52.5,48.5437,46.0526,47.0219,,,0,0,0,0,-0.01,-1.278,-0.025,-3.1949,,,,,85.6319,79.1504,55.5143,61.1646,18.6805,40.4724,12.9758,22.1941,23.8293,26.5636,27.8538,31.7273,-61.8026,-52.5868,-27.6605,-29.4373,15.3392,35.2275,11.2091,11.8514,-3.3413,-5.2448,-1.7666,-10.3427,,,9.2345,31.4077,0.5743,-30.3805,3.6595,-0.3298,14.445,2.2873,0.1934,,,"Duque","20240627T095239_logfile.itlog","In hand","Research",,,"missing data: Right hind leg"
2,"trot","left","hard",0.7881,49.1322,0.395,0.405,0.41,0.34,0.385,0.395,0.385,0.415,287.872,271.6806,183.9067,172.4899,50.641,50.625,51.25,44.0129,,,0,0,0,0,0.025,3.1721,-0.01,-1.2688,,,,,84.9538,79.9355,57.5458,62.4638,23.3346,35.2652,11.013,15.0033,25.5854,27.5151,25.4389,29.7164,-59.3684,-52.4205,-32.107,-32.7474,17.7265,31.7595,10.4281,10.3047,-5.608,-3.5057,-0.5849,-4.6986,,,21.6999,39.6346,0.6694,-37.7104,8.5776,-0.3459,18.7484,-1.5363,0.1922,,,"Duque","20240627T095239_logfile.itlog","In hand","Research",,,"missing data: Right hind leg"
2,"trot","left","hard",0.7944,49.7378,0.41,0.395,0.39,0.385,0.385,0.395,0.395,0.45,277.4056,259.6549,180.915,157.1311,51.8987,50.4792,48.5981,47.9751,,,0,0,0,0,0.02,2.5177,-0.02,-2.5177,,,,,89.5445,81.0136,58.5417,61.6704,20.1883,34.7406,18.5664,24.3023,26.843,26.8691,28.3839,32.4573,-62.7014,-54.1445,-30.1577,-29.2131,16.8767,31.1704,12.0072,12.8774,-3.3116,-3.5702,-6.5592,-11.4249,,,21.9964,44.7433,0.6686,-24.9545,9.7369,-0.1851,10.1378,-6.1158,0.0289,,,"Duque","20240627T095239_logfile.itlog","In hand","Research",,,"missing data: Right hind leg"
2,"trot","left","hard",0.7844,49.2254,0.405,0.395,0.36,0.385,0.375,0.38,0.43,0.385,297.441,273.7886,174.9388,189.0049,51.2658,49.6855,46.9055,49.0446,,,0,0,0,0,-0.025,-3.1873,-0.005,-0.6375,,,,,86.7731,83.65,56.8866,60.2131,24.301,34.6324,12.9859,21.6989,25.6052,26.5118,30.0059,30.1592,-61.168,-57.1382,-26.8808,-30.0539,19.7498,30.6484,9.7009,11.0702,-4.5512,-3.984,-3.2849,-10.6287,,,38.2193,39.3078,0.8047,-23.6677,14.1602,-0.0415,13.4392,-6.3713,0.0654,,,"Duque","20240627T095239_logfile.itlog","In hand","Research",,,"missing data: Right hind leg"
2,"trot","left","hard",0.7981,47.8882,0.4,0.375,0.41,0.345,0.395,0.42,0.385,0.415,283.1325,263.5278,188.3788,171.7,49.8442,47.619,50,44.0895,,,0,0,0.02,2.5059,0.045,5.6382,-0.005,-0.6265,,,,,86.7189,82.8666,58.0768,64.8928,27.5595,36.7627,14.4187,20.3979,26.0078,31.3539,28.8005,30.7894,-60.7112,-51.5128,-29.2763,-34.1033,21.988,31.8174,10.1265,12.1794,-5.5715,-4.9453,-4.2922,-8.2185,,,36.3654,42.5231,0.7428,-28.1875,14.7088,-0.2426,19.6449,-2.0533,0.2468,,,"Duque","20240627T095239_logfile.itlog","In hand","Research",,,"missing data: Right hind leg"
2,"trot","left","hard",0.7819,47.6139,0.42,0.385,0.355,0.33,0.41,0.405,0.435,0.46,283.5277,273.8374,176.5539,171.6324,52.8302,49.6774,45.3674,42.5806,,,0.005,0.6395,0,0,-0.02,-2.558,0,0,,,,,87.3052,81.8339,59.7504,64.4857,27.8056,36.9243,13.3795,18.3608,32.4515,28.8613,33.674,32.3982,-54.8537,-52.9726,-26.0765,-32.0875,18.5716,30.9834,11.1702,10.4142,-9.2339,-5.9409,-2.2093,-7.9466,,,9.6097,31.4828,0.4546,-27.7849,4.3928,-0.3099,20.3991,-1.691,0.1902,,,"Duque","20240627T095239_logfile.itlog","In hand","Research",,,"missing data: Right hind leg"
2,"trot","left","hard",0.7869,48.7818,0.395,0.42,0.345,0.375,0.34,0.375,0.42,0.43,280.6704,276.2293,181.9918,173.2138,51.8033,52.5,43.949,46.875,,,0,0,0.02,2.5417,-0.035,-4.448,0,0,,,,,83.9168,86.7292,60.2001,61.3098,23.0678,28.5727,20.208,24.1312,25.5861,28.573,33.6942,32.7474,-58.3307,-58.1562,-26.5059,-28.5625,17.035,23.6405,11.133,11.8861,-6.0328,-4.9322,-9.0751,-12.2451,,,16.6128,18.2602,0.4229,-29.5602,2.5153,-0.3552,12.7087,-7.4188,0.0858,,,"Duque","20240627T095239_logfile.itlog","In hand","Research",,,"missing data: Right hind leg"
2,"trot","left","hard",0.7825,48.0046,0.42,0.375,0.325,0.385,0.395,0.385,0.46,0.42,270.4848,273.8879,171.9205,176.792,51.8519,48.7013,43.1894,48.2759,,,0,0,0,0,-0.035,-4.4728,-0.005,-0.639,,,,,87.2692,80.6582,58.9565,62.8639,22.984,31.7299,14.8992,28.5732,30.5404,28.7069,32.3885,34.9424,-56.7287,-51.9513,-26.568,-27.9214,17.2898,28.0129,9.7021,14.2722,-5.6941,-3.717,-5.1972,-14.301,,,33.2002,-2.8792,0.4224,-38.2754,-4.5542,,21.0352,4.2313,0.3305,,,"Duque","20240627T095239_logfile.itlog","In hand","Research",,,"missing data: Right hind leg"
2,"trot","left","hard",0.7825,48.1979,0.375,0.395,0.405,0.335,0.385,0.405,0.395,0.405,277.8208,250.7686,180.088,188.9121,48.5437,49.5298,50.7837,43.9344,,,0,0,0,0,0.025,3.1949,0.01,1.278,,,,,87.6756,80.5301,59.2182,63.7268,26.4011,31.4857,11.9512,19.2732,27.1187,27.0979,27.4917,28.4238,-60.5569,-53.4322,-31.7265,-35.303,17.5026,26.4526,8.6567,9.2776,-8.8985,-5.0331,-3.2944,-9.9956,,,25.8917,15.5886,0.5666,-33.6524,-13.5332,-0.376,20.7618,8.2337,0.297,,,"Duque","20240627T095239_logfile.itlog","In hand","Research",,,"missing data: Right hind leg"
2,"trot","left","hard",0.7856,47.2605,0.375,0.38,0.395,0.335,0.41,0.4,0.39,0.45,275.196,248.3765,183.5759,160.5641,47.1698,48.7179,50.4792,42.6752,,,0,0,0,0,0.025,3.1822,0.01,1.2729,,,,,88.6855,80.5106,57.7719,62.5874,30.0448,31.9991,13.7567,21.4105,29.1762,28.5264,25.5156,26.9982,-59.5093,-51.9842,-32.2563,-35.5893,22.1723,26.9114,8.7419,10.6774,-7.8725,-5.0877,-5.0147,-10.7331,,,38.8312,31.8725,0.728,-31.7046,8.2022,-0.2439,14.3863,1.1317,0.1489,,,"Duque","20240627T095239_logfile.itlog","In hand","Research",,,"missing data: Right hind leg"
2,"trot","left","hard",0.7925,49.0752,0.39,0.39,0.395,0.38,0.43,0.4,0.385,0.45,271.8958,250.604,184.5234,166.0895,49.8403,50.4854,48.9164,47.0588,,,0,0,0,0,0.025,3.1546,0.03,3.7855,,,,,86.4366,80.8463,54.0032,59.9655,18.2089,34.5405,18.7355,22.7826,32.9383,28.1244,25.3948,30.4997,-53.4983,-52.7219,-28.6084,-29.4657,12.9835,29.4355,12.1041,12.057,-5.2254,-5.105,-6.6313,-10.7256,,,28.3392,28.4874,0.6004,-17.8445,8.7541,-0.1973,7.7706,-0.9067,0.0974,,,"Duque","20240627T095239_logfile.itlog","In hand","Research",,,"missing data: Right hind leg"
2,"trot","left","hard",0.7956,49.316,0.41,0.435,0.35,0.375,0.355,0.365,0.44,0.405,271.6214,273.2592,165.7002,172.7222,52.3962,53.3742,44.0252,47.4684,,,0,0,0.015,1.8853,-0.055,-6.9128,-0.01,-1.2569,,,,,86.2203,78.7813,51.8844,60.6738,18.3464,31.126,16.9448,19.9448,27.8139,25.4497,28.0284,30.4303,-58.4064,-53.3316,-23.856,-30.2434,12.1136,27.2394,11.0429,11.1179,-6.2329,-3.8866,-5.9019,-8.8269,,,37.9894,25.7533,0.7307,-21.9786,4.6255,-0.2038,11.0552,-0.9144,0.1364,,,"Duque","20240627T095239_logfile.itlog","In hand","Research",,,"missing data: Right hind leg"
2,"trot","left","hard",0.7881,48.9699,0.415,0.42,0.35,0.36,0.39,0.395,0.45,0.425,266.8573,242.9874,153.6551,164.2683,52.6984,52.0124,45.4545,45.7143,,,0,0,0,0,-0.025,-3.1721,-0.01,-1.2688,,,,,84.967,79.6557,56.5965,58.9865,19.4808,27.8187,12.4408,22.4777,26.8589,29.099,31.7926,28.285,-58.1081,-50.5567,-24.804,-30.7015,15.5531,22.9111,8.227,11.9666,-3.9276,-4.9076,-4.2138,-10.5111,,,36.5002,42.8059,0.7902,-38.1127,9.7494,-0.4304,15.0892,2.6074,0.2878,,,"Duque","20240627T095239_logfile.itlog","In hand","Research",,,"missing data: Right hind leg"
2,"trot","left","hard",0.7813,50.4111,0.415,0.405,0.39,0.365,0.355,0.38,0.39,0.43,276.8349,249.4545,182.7354,163.7626,52.8662,52.09,50.4854,46.2025,,,0,0,0,0,0.035,4.48,-0.03,-3.84,,,,,86.728,79.9226,54.8137,60.1901,20.8115,28.2268,14.136,24.098,25.4846,29.8277,24.0946,30.0286,-61.2434,-50.0949,-30.7192,-30.1615,17.4059,26.9068,9.2603,13.1052,-3.4056,-1.3201,-4.8757,-10.9928,,,19.073,43.7636,0.7326,-36.9521,3.4176,-0.3983,16.4053,7.8578,0.2527,,,"Duque","20240627T095239_logfile.itlog","In hand","Research",,,"missing data: Right hind leg"
2,"trot","left","hard",0.7831,49.7545,0.405,0.405,0.415,0.335,0.385,0.365,0.375,0.42,282.4649,250.2872,184.1985,171.7785,51.1041,51.7572,52.3659,43.7908,,,0,0,0,0,0.04,5.1077,-0.015,-1.9154,,,,,85.4843,77.6054,54.5071,61.5585,20.8774,32.9581,11.3253,17.2323,25.9405,26.3287,21.8786,27.7884,-59.5438,-51.2767,-32.6285,-33.7701,15.5892,29.9953,9.2497,10.672,-5.2882,-2.9628,-2.0756,-6.5602,,,10.3226,,0.7486,-27.7541,7.9623,-0.1427,14.2054,0.214,0.1205,,,"Duque","20240627T095239_logfile.itlog","In hand","Research",,,"missing data: Right hind leg"
2,"trot","left","hard",0.7975,48.7515,0.395,0.385,0.405,0.37,0.39,0.39,0.38,0.44,270.8169,248.7544,185.7656,158.7028,50,49.359,49.5413,46.1059,,,0,0,0.015,1.8809,0.04,5.0157,0.005,0.627,,,,,85.7099,80.54,53.1446,63.1582,17.2345,29.0991,18.4683,22.8149,27.3727,27.8575,22.2131,33.2817,-58.3372,-52.6825,-30.9315,-29.8764,12.7563,25.3004,10.8354,13.1481,-4.4782,-3.7987,-7.6329,-9.6668,,,20.8596,41.2271,0.666,-17.5075,17.1818,-0.0016,1.5873,-8.0951,-0.1159,,,"Duque","20240627T095239_logfile.itlog","In hand","Research",,,"missing data: Right hind leg"
2,"trot","left","hard",0.7812,46.2417,0.385,0.39,0.325,0.345,0.4,0.4,0.445,0.425,266.3002,243.2165,168.2111,171.428,49.8382,49.2114,41.4013,44.5161,,,0,0,0.025,3.2,-0.025,-3.2,0.005,0.64,,,,,84.6242,80.6968,54.8545,62.6328,22.3501,36.7194,22.4973,17.8017,24.8201,26.9279,30.8655,28.465,-59.8041,-53.7688,-23.9891,-34.1678,17.0162,32.158,16.3403,12.3985,-5.3339,-4.5615,-6.157,-5.4032,,,17.8664,,0.831,-20.9647,12.6433,-0.1802,0.7611,-11.3046,-0.0787,,,"Duque","20240627T095239_logfile.itlog","In hand","Research",,,"missing data: Right hind leg"
2,"trot","left","hard",0.7831,48.6295,0.415,0.39,0.33,0.39,0.375,0.405,0.475,0.435,286.0671,255.0694,166.6489,163.6836,52.2013,50.1608,43.7086,48.4472,,,0,0,0,0,-0.03,-3.8308,-0.015,-1.9154,,,,,87.4379,79.6322,55.8737,62.2708,22.5674,35.5981,13.5778,24.2521,25.9369,28.9728,30.6302,32.0366,-61.501,-50.6595,-25.2435,-30.2342,19.164,31.7818,9.871,12.7756,-3.4034,-3.8163,-3.7068,-11.4765,,,13.9821,42.6553,0.5748,-27.4128,6.4604,-0.3567,9.8632,-4.4383,0.0672,,,"Duque","20240627T095239_logfile.itlog","In hand","Research",,,"missing data: Right hind leg"
2,"trot","left","hard",0.7969,50.4903,0.42,0.41,0.42,0.36,0.385,0.37,0.375,0.395,289.3558,274.348,184.7582,185.0973,52.5,51.4107,52.3364,45.7143,,,0,0,0,0,0.025,3.1373,0,0,,,,,86.6989,83.556,58.0645,62.675,15.3326,35.3628,11.7044,18.6527,26.0509,26.4312,26.5587,27.4395,-60.6479,-57.1248,-31.5057,-35.2356,11.7938,30.7772,10.4291,10.4342,-3.5388,-4.5856,-1.2753,-8.2185,,,14.6465,28.7356,0.6,-26.5935,-2.6843,-0.2235,22.0239,-2.2335,0.1468,,,"Duque","20240627T095239_logfile.itlog","In hand","Research",,,"missing data: Right hind leg"
2,"trot","left","hard",0.8206,49.812,0.425,0.405,0.425,0.38,0.375,0.405,0.39,0.46,289.31,269.0504,189.9545,153.1647,52.4691,50,50.2959,46.4832,,,0,0,0.015,1.8279,0.03,3.6558,-0.025,-3.0465,,,,,88.7723,83.7745,54.7595,61.1962,25.0348,31.4451,17.3657,21.8498,27.3466,28.6082,23.0119,31.393,-61.4257,-55.1663,-31.7476,-29.8032,19.3923,27.9885,11.5982,10.9105,-5.6425,-3.4565,-5.7676,-10.9393,,,43.002,40.0854,0.8424,-30.1636,17.4485,-0.0975,18.6621,-13.2365,0.0335,,,"Duque","20240627T095239_logfile.itlog","In hand","Research",,,"missing data: Right hind leg"
2,"trot","left","hard",0.7956,48.3532,0.415,0.395,0.345,0.385,0.395,0.405,0.45,0.415,290.4069,262.9777,162.3068,175.734,51.0769,50,44.8052,47.5309,,,0,0,0,0,-0.035,-4.3991,0,0,,,,,87.1119,84.1627,59.65,62.2165,21.3713,40.527,9.8019,25.2198,25.0173,29.2678,35.0142,33.3447,-62.0946,-54.895,-24.6358,-28.8719,17.1401,35.184,8.731,13.0503,-4.2312,-5.343,-1.0709,-12.1695,,,,58.0932,0.9293,-29.0387,20.6839,-0.1776,12.1006,,-0.0374,,,"Duque","20240627T095239_logfile.itlog","In hand","Research",,,"missing data: Right hind leg"
3,"walk","right","soft",1.2994,63.595,0.815,0.83,0.84,0.82,0.51,0.45,0.475,0.455,174.2197,198.8645,132.2869,125.8013,61.9772,64.0927,64.1221,64.1879,,,,,,,,,-0.265,-20.3944,0.39,29.771,0.34,26.6145,76.8259,78.7577,61.328,56.8042,12.4838,13.8249,13.3677,11.681,34.2475,33.3469,29.7668,25.2532,-42.5783,-45.4109,-31.5611,-31.551,3.5167,2.9066,6.0367,2.77,-8.9671,-10.9182,-7.331,-8.911,,,5.3047,7.0556,-0.0203,9.1184,11.0981,-0.5327,-13.0831,-3.9037,-0.1398,,,"Duque","20240627T095239_logfile.itlog","In hand","Research",,,"missing data: Right hind leg"
3,"walk","right","soft",1.2894,63.781,0.805,0.81,0.815,0.86,0.49,0.48,0.465,0.46,178.7334,186.6873,147.4009,126.4213,62.8906,63.1579,63.301,65.7744,,,,,,,-0.31,-24.0427,-0.24,-18.6137,0.39,30.2913,0.37,28.2983,77.8743,77.8164,56.9626,56.6854,15.751,15.5736,19.7361,11.8689,33.269,35.8119,27.457,26.0175,-44.6054,-42.0045,-29.5056,-30.6678,4.4685,6.5519,9.613,3.1807,-11.2825,-9.0217,-10.123,-8.6882,,,29.2813,6.5311,0.2286,-2.0375,8.4185,-0.2104,-10.0296,4.7302,-0.2123,,,"Duque","20240627T095239_logfile.itlog","In hand","Research",,,"missing data: Right hind leg"
3,"walk","right","soft",1.285,64.4854,0.82,0.86,0.795,0.84,0.46,0.465,0.48,0.435,192.1643,192.1013,134.9768,138.125,63.9376,66.2813,62.3529,65.3696,,,,,,,-0.295,-22.9572,-0.27,-21.0117,0.36,28.2353,0.35,27.2374,79.8708,73.4617,58.7659,57.0219,14.7135,12.3776,16.8938,12.666,34.3046,33.1357,28.97,27.2963,-45.5663,-40.326,-29.7959,-29.7257,3.632,4.1783,7.9614,2.7777,-11.0816,-8.1993,-8.9324,-9.8883,,,10.6356,29.9442,-0.1743,0.6739,2.8871,-0.1741,-15.2214,-4.946,-0.1769,,,"Duque","20240627T095239_logfile.itlog","In hand","Research",,,"missing data: Right hind leg"
3,"walk","right","soft",1.3069,65.0417,0.845,0.87,0.82,0.865,0.465,0.41,0.48,0.455,197.6623,196.4435,135.7281,137.6358,65,66.6667,62.5954,65.9048,,,,,,,-0.295,-22.5729,-0.28,-21.4252,0.37,28.2443,0.325,24.7619,74.6941,72.4334,58.4402,57.1155,17.5547,15.855,18.7688,11.2887,31.6554,30.2466,28.7143,26.8102,-43.0388,-42.1868,-29.7259,-30.3053,3.8731,3.8262,9.2294,2.6852,-13.6816,-12.0289,-9.5394,-8.6036,,,29.9765,8.1822,0.2587,5.485,9.7816,-0.5332,-18.572,-6.4879,-0.1812,,,"Duque","20240627T095239_logfile.itlog","In hand","Research",,,"missing data: Right hind leg"
3,"walk","right","soft",1.3,64.9079,0.86,0.855,0.805,0.855,0.445,0.46,0.5,0.44,188.0822,180.654,133.2322,135.3029,66.1538,65.896,61.6858,65.896,,,,,,,-0.345,-26.5385,-0.295,-22.6923,0.34,26.0536,0.35,26.975,80.4732,75.6191,58.3527,55.7763,16.6893,14.4144,18.9215,13.3503,36.2555,32.6937,29.8541,24.815,-44.2177,-42.9255,-28.4986,-30.9612,3.28,4.9436,8.5424,1.5703,-13.4093,-9.4707,-10.3792,-11.78,,,0.5793,-1.7401,0.0247,5.4528,3.5776,-0.3542,-18.2697,-10.8189,-0.1206,,,"Duque","20240627T095239_logfile.itlog","In hand","Research",,,"missing data: Right hind leg"
3,"walk","right","soft",1.3075,65.4013,0.855,0.89,0.81,0.865,0.435,0.425,0.5,0.445,204.8443,202.1383,128.7053,133.0085,65.5172,68.8588,62.069,65.1601,,,,,,,-0.32,-24.4742,-0.3,-22.9446,0.33,25.2874,0.33,24.8588,74.0027,76.2485,58.1334,55.2292,15.1897,11.3416,16.5007,15.1682,29.6315,35.3985,28.1336,24.5541,-44.3712,-40.85,-29.9999,-30.6752,2.9119,3.136,8.2939,4.5469,-12.2778,-8.2056,-8.2067,-10.6213,,,6.2314,-5.735,0.1283,7.0369,-1.4966,-0.3124,-12.2715,-10.6577,-0.0262,,,"Duque","20240627T095239_logfile.itlog","In hand","Research",,,"missing data: Right hind leg"
3,"walk","right","soft",1.2663,63.8817,0.79,0.84,0.815,0.79,0.465,0.38,0.49,0.48,183.8202,205.9895,130.155,121.3314,62.3274,66.9323,62.8131,63.4538,,,,,,,-0.34,-26.8509,-0.325,-25.6663,0.35,26.975,0.255,20.4819,81.4652,79.4825,57.8946,56.3523,15.6668,13.6607,18.8927,12.7767,35.0156,33.4959,26.2021,26.6732,-46.4496,-45.9866,-31.6925,-29.6791,0.1747,3.1692,8.3567,2.284,-15.4921,-10.4915,-10.5359,-10.4928,,,20.9687,0.2285,0.1925,5.9268,8.6702,-0.4305,-24.3775,-7.4168,-0.2345,,,"Duque","20240627T095239_logfile.itlog","In hand","Research",,,"missing data: Right hind leg"
3,"walk","right","soft",1.2631,64.2208,0.805,0.845,0.78,0.815,0.49,0.45,0.475,0.43,196.1856,200.9692,138.1241,135.4536,63.0137,66.2745,62.5251,65.0699,,,,,,,-0.36,-28.5007,-0.265,-20.9797,0.34,27.2545,0.325,25.9481,79.0068,74.487,60.8151,57.7199,15.9474,13.7185,18.3148,14.8237,32.2351,31.3016,29.3373,25.1768,-46.7717,-43.1855,-31.4778,-32.5431,4.0491,3.9296,8.7707,2.4553,-11.8984,-9.7889,-9.5442,-12.3684,,,53.953,5.2211,0.4062,0.2903,4.2594,0.0614,-29.0033,-2.5787,-0.3593,,,"Duque","20240627T095239_logfile.itlog","In hand","Research",,,"missing data: Right hind leg"
3,"walk","right","soft",1.2575,63.5172,0.775,0.815,0.795,0.81,0.455,0.41,0.46,0.445,197.3821,199.9482,143.2885,130.846,62.1242,64.9402,62.8458,64.1584,,,,,,,-0.31,-24.6521,-0.265,-21.0736,0.36,28.4585,0.32,25.3465,75.9296,77.1244,60.2864,59.6265,14.674,18.9926,16.8928,14.5865,29.7964,33.2078,29.3915,27.2075,-46.1332,-43.9167,-30.8949,-32.419,3.0616,7.0956,6.957,4.1677,-11.6124,-11.897,-9.9358,-10.4189,,,47.4038,18.2775,0.2364,5.8021,4.8896,-0.5532,-2.5764,0.0226,-0.0385,,,"Duque","20240627T095239_logfile.itlog","In hand","Research",,,"missing data: Right hind leg"
3,"walk","right","soft",1.2469,62.1403,0.735,0.815,0.765,0.785,0.49,0.47,0.48,0.46,190.1045,183.5308,140.322,130.426,59.6349,64.6825,61.8182,62.4254,,,,,,,-0.33,-26.4662,-0.27,-21.6541,0.35,28.2828,0.335,26.6402,79.2016,72.2238,60.5088,58.9246,15.2894,17.8441,18.9865,17.7664,33.9645,34.1958,28.7427,28.2283,-45.2371,-38.028,-31.7661,-30.6963,0.0884,5.1857,8.8215,6.9157,-15.2011,-12.6584,-10.1651,-10.8507,,,24.1059,12.4466,0.1066,6.7645,12.4953,-0.4797,-23.8916,5.693,-0.3664,,,"Duque","20240627T095239_logfile.itlog","In hand","Research",,,"missing data: Right hind leg"
3,"walk","right","soft",1.2669,63.0449,0.79,0.845,0.78,0.78,0.505,0.42,0.465,0.485,189.6678,186.9567,142.2622,127.7332,61.9608,66.4047,61.5385,62.2754,,,,,,,-0.275,-21.707,-0.3,-23.6803,0.36,28.4024,0.3,23.9521,75.6261,71.4971,60.6784,57.1645,9.8591,21.1863,15.1898,8.968,32.7391,32.9268,28.2339,27.3663,-42.8871,-38.5703,-32.4444,-29.7982,2.6286,6.895,7.2152,0.7529,-7.2305,-14.2913,-7.9746,-8.2151,,,30.5505,24.2369,0.0602,13.1743,12.3912,-0.5976,-28.8118,-5.8125,-0.2711,,,"Duque","20240627T095239_logfile.itlog","In hand","Research",,,"missing data: Right hind leg"
3,"walk","right","soft",1.2775,64.1871,0.825,0.845,0.785,0.825,0.465,0.435,0.51,0.46,183.4973,178.9999,126.8852,116.839,63.9535,66.4047,61.811,64.5793,,,,,,,-0.33,-25.8317,-0.285,-22.3092,0.325,25.5906,0.34,26.6145,75.869,75.4891,58.4694,55.5562,12.3538,17.0852,17.1409,15.1461,32.861,36.8536,29.3015,24.9091,-43.008,-38.6356,-29.1679,-30.6471,2.4138,3.3615,9.1035,4.2102,-9.94,-13.7237,-8.0374,-10.9359,,,36.7369,27.1263,0.0853,11.3725,10.4609,-0.6985,-11.977,-6.0179,-0.0822,,,"Duque","20240627T095239_logfile.itlog","In hand","Research",,,"missing data: Right hind leg"
3,"walk","right","soft",1.2588,63.8515,0.785,0.83,0.805,0.795,0.465,0.42,0.46,0.445,179.6536,192.5031,139.5844,119.3957,62.6747,65.7426,63.2613,63.7275,,,,,,,-0.295,-23.4359,-0.265,-21.0526,0.37,29.0766,0.335,26.8537,78.9575,75.8377,56.6477,55.5559,18.8099,18.9825,19.482,16.8914,34.4685,33.367,25.4798,23.9235,-44.489,-42.4707,-31.1679,-31.6324,2.569,8.0859,9.7085,3.4075,-16.2409,-10.8967,-9.7734,-13.4839,,,30.771,12.5786,0.173,7.25,7.1197,-0.4732,-7.1754,1.7908,-0.1402,,,"Duque","20240627T095239_logfile.itlog","In hand","Research",,,"missing data: Right hind leg"
3,"walk","right","soft",1.2425,64.5044,0.805,0.805,0.775,0.82,0.47,0.445,0.475,0.46,192.1424,191.6613,134.8995,125.4029,65.0505,66.5289,62.1242,64.3137,,,,,,,-0.31,-24.9497,-0.265,-21.328,0.345,27.6553,0.355,27.8431,70.1677,72.393,57.7918,56.9517,14.7778,12.8517,19.0164,12.4338,26.6327,32.7808,27.7787,26.6764,-43.535,-39.6121,-30.0132,-30.2753,2.2118,5.6098,9.4567,3.5081,-12.566,-7.2419,-9.5597,-8.9257,,,-1.9412,6.4324,-0.0798,8.0068,11.582,-0.5757,-12.248,-2.7129,-0.1369,,,"Duque","20240627T095239_logfile.itlog","In hand","Research",,,"missing data: Right hind leg"
3,"walk","right","soft",1.23,64.6111,0.785,0.86,0.775,0.76,0.395,0.365,0.47,0.45,189.4001,207.9074,137.4039,134.1217,64.0816,68.8,62.753,62.8099,,,,,,,-0.28,-22.7642,-0.335,-27.2358,0.3,24.2915,0.255,21.0744,83.5377,77.6473,60.3122,57.7992,9.8395,12.339,15.0981,13.969,31.7558,30.2304,28.8831,28.001,-51.7819,-47.4169,-31.429,-29.7982,1.9038,1.7678,6.5192,3.7132,-7.9357,-10.5712,-8.5789,-10.2558,,,0.8812,18.6896,-0.1649,,6.6373,-0.8041,-18.4246,-7.0221,-0.184,,,"Duque","20240627T095239_logfile.itlog","In hand","Research",,,"missing data: Right hind leg"
3,"walk","right","soft",1.2669,63.4467,0.79,0.835,0.78,0.81,0.485,0.415,0.45,0.45,194.1729,206.0383,145.9702,138.1341,61.4786,65.8777,62.5251,63.9053,,,,,,,-0.335,-26.443,-0.275,-21.707,0.345,27.6553,0.32,25.2465,74.4852,76.2147,60.0116,55.718,16.7958,11.284,15.5491,13.7751,29.3013,31.5603,28.4879,25.0575,-45.1839,-44.6544,-31.5237,-30.6605,2.1037,4.3143,7.5804,3.5693,-14.692,-6.9697,-7.9687,-10.2058,,,47.095,9.6519,0.3656,-3.0751,8.8429,0.1943,-12.0831,-4.2704,-0.113,,,"Duque","20240627T095239_logfile.itlog","In hand","Research",,,"missing data: Right hind leg"
3,"walk","right","soft",1.3056,63.554,0.805,0.86,0.8,0.855,0.505,0.45,0.485,0.465,181.1321,197.6842,136.6648,125.4138,62.5243,64.9057,62.1359,64.6503,,,,,,,-0.325,-24.8923,-0.255,-19.5309,0.375,29.1262,0.33,24.9527,75.6405,75.6676,57.5137,55.7133,13.4235,12.6112,14.845,8.3648,32.6863,32.1468,27.1828,24.8965,-42.9542,-43.5208,-30.3309,-30.8168,3.1642,2.648,6.3199,0.8308,-10.2594,-9.9632,-8.5251,-7.534,,,36.6184,20.222,0.1512,10.826,-1.3741,-0.3889,-4.9455,-5.6972,0.0119,,,"Duque","20240627T095239_logfile.itlog","In hand","Research",,,"missing data: Right hind leg"
3,"walk","right","soft",1.3069,64.467,0.87,0.83,0.84,0.83,0.46,0.48,0.49,0.47,183.3763,184.5409,131.8769,123.9448,66.1597,64.466,63.3962,63.8462,,,,,,,-0.33,-25.2511,-0.315,-24.1033,0.35,26.4151,0.345,26.5385,79.8925,73.65,57.0768,56.9777,13.4989,11.2221,14.9087,11.0261,33.719,29.2288,28.7219,25.9935,-46.1734,-44.4212,-28.355,-30.9842,3.7925,4.2132,6.5845,2.246,-9.7064,-7.009,-8.3242,-8.7801,,,49.8291,1.7008,0.438,9.5836,-0.4958,-0.3519,1.8044,-1.3028,0.0546,,,"Duque","20240627T095239_logfile.itlog","In hand","Research",,,"missing data: Right hind leg"
3,"walk","right","soft",1.3063,65.2584,0.875,0.87,0.82,0.845,0.43,0.435,0.48,0.47,204.405,198.6719,133.3641,131.6023,66.6667,66.5392,63.0769,64.751,,,,,,,-0.31,-23.7321,-0.315,-24.1148,0.33,25.3846,0.31,23.7548,78.858,75.6918,58.6704,56.662,13.5129,9.3137,15.2102,12.9842,33.6136,31.4636,32.6877,27.73,-45.2444,-44.2282,-25.9827,-28.932,2.0045,1.3267,7.0653,2.2958,-11.5085,-7.987,-8.1449,-10.6884,,,25.612,8.9435,0.2018,9.8414,-3.278,-0.3199,3.093,-1.9586,0.096,,,"Duque","20240627T095239_logfile.itlog","In hand","Research",,,"missing data: Right hind leg"
3,"walk","right","soft",1.3163,66.0758,0.86,0.91,0.82,0.89,0.445,0.44,0.48,0.45,195.6011,195.3358,136.1238,130.532,66.0269,68.2927,63.5659,66.4179,,,,,,,-0.345,-26.2108,-0.29,-22.0323,0.35,27.1318,0.325,24.2537,76.2703,71.4702,58.7401,54.839,14.9965,8.373,13.599,11.8252,32.9536,31.3228,28.5347,24.5128,-43.3168,-40.1474,-30.2054,-30.3262,0.9013,0.3375,5.1989,1.9829,-14.0952,-8.0355,-8.4001,-9.8422,,,39.5812,26.2775,0.1458,-2.2205,1.6901,-0.0669,-6.1183,0.9584,-0.1177,,,"Duque","20240627T095239_logfile.itlog","In hand","Research",,,"missing data: Right hind leg"
3,"walk","right","soft",1.3112,65.881,0.875,0.86,0.88,0.84,0.44,0.405,0.46,0.45,191.5017,187.9761,130.513,130.0898,66.4137,66.7961,64.9446,65.3696,,,,,,,-0.315,-24.0229,-0.33,-25.1668,0.37,27.3063,0.3,23.3463,81.4121,77.389,57.922,56.6379,14.6873,18.4034,17.4742,11.4074,35.1971,32.1255,25.9831,25.4286,-46.215,-45.2635,-31.9389,-31.2093,3.5375,6.65,8.7431,1.6009,-11.1498,-11.7535,-8.7311,-9.8065,,,55.2876,,-0.0212,0.0903,2.9568,-0.1877,-13.2127,-4.7209,-0.1463,,,"Duque","20240627T095239_logfile.itlog","In hand","Research",,,"missing data: Right hind leg"
3,"walk","right","soft",1.2644,64.0618,0.835,0.82,0.775,0.81,0.445,0.45,0.49,0.44,202.3995,191.0922,131.7542,134.7757,64.7287,64.9505,61.5079,65.0602,,,,,,,-0.37,-29.2635,-0.29,-22.9362,0.32,25.3968,0.33,26.506,79.7722,76.1054,60.7288,58.5535,17.6153,19.8853,18.1315,14.8629,30.8014,31.0449,30.6311,28.9064,-48.9707,-45.0606,-30.0977,-29.6471,4.2586,5.5866,8.9539,3.8924,-13.3567,-14.2987,-9.1775,-10.9705,,,25.3839,18.197,0.0663,-6.2265,13.188,-0.0578,-19.4646,-2.5234,-0.2576,,,"Duque","20240627T095239_logfile.itlog","In hand","Research",,,"missing data: Right hind leg"
3,"walk","right","soft",1.2463,64.2933,0.785,0.805,0.785,0.83,0.465,0.435,0.48,0.43,201.227,211.5002,140.215,141.6432,63.6917,64.7887,62.4254,66.2675,,,,,,,-0.315,-25.2758,-0.23,-18.4554,0.365,29.0258,0.345,27.5449,78.3062,80.6599,58.9525,55.704,18.9799,11.2698,25.7232,14.9184,33.1936,33.395,28.4417,24.5774,-45.1126,-47.2649,-30.5108,-31.1266,3.767,3.9055,12.372,3.1326,-15.2128,-7.3643,-13.3512,-11.7858,,,-3.8026,33.7861,-0.3194,5.44,6.2502,-0.4571,-12.9697,3.4434,-0.2171,,,"Duque","20240627T095239_logfile.itlog","In hand","Research",,,"missing data: Right hind leg"
3,"walk","right","soft",1.2381,63.9069,0.78,0.81,0.77,0.805,0.43,0.44,0.465,0.415,203.2165,218.774,144.3485,140.8192,63.0303,65.7201,62.3482,64.5291,,,,,,,-0.31,-25.0379,-0.26,-20.9995,0.33,26.7206,0.345,27.6553,77.477,77.2802,58.4351,59.0914,17.0292,11.247,18.4193,16.7596,30.4105,35.2848,28.4695,26.6137,-47.0665,-41.9953,-29.9656,-32.4777,2.3181,3.5071,8.1571,4.0038,-14.711,-7.7399,-10.2622,-12.7558,,,5.5437,28.8963,-0.2091,-2.3071,3.0766,0.2049,-5.9579,-0.7087,-0.0877,,,"Duque","20240627T095239_logfile.itlog","In hand","Research",,,"missing data: Right hind leg"
3,"walk","right","soft",1.2094,63.493,0.76,0.8,0.76,0.75,0.485,0.405,0.465,0.47,193.1545,206.7385,139.5312,132.4195,61.6633,67.5105,62.1677,62.6305,,,,,,,-0.3,-24.8062,-0.27,-22.3256,0.36,29.4479,0.285,23.7996,75.6648,76.7477,60.5508,60.8512,14.2979,15.2068,16.813,10.3043,31.6248,34.2451,28.5761,29.3933,-44.04,-42.5026,-31.9746,-31.4579,3.7326,6.3416,7.9817,2.0169,-10.5652,-8.8652,-8.8313,-8.2874,,,-5.167,9.536,-0.1207,5.9559,-0.1439,-0.3733,-4.7299,2.6717,-0.0966,,,"Duque","20240627T095239_logfile.itlog","In hand","Research",,,"missing data: Right hind leg"
3,"walk","right","soft",1.0306,61.7345,0.625,0.605,0.715,0.6,0.46,0.365,0.46,0.425,180.0763,226.7243,139.8043,145.4477,59.6659,63.5171,62.9956,60.7595,,,,,,,-0.305,-29.5937,-0.225,-21.8314,0.36,31.7181,0.275,27.8481,76.3597,80.3596,58.7754,57.7261,27.1661,14.1302,20.4831,16.0353,26.5182,27.0165,24.3797,24.2141,-49.8415,-53.3431,-34.3957,-33.512,5.7289,9.2497,8.2709,3.8569,-21.4372,-4.8805,-12.2122,-12.1784,,,9.0206,-6.2432,0.1257,6.7978,5.8331,-0.4015,4.0111,-10.3897,0.1958,,,"Duque","20240627T095239_logfile.itlog","In hand","Research",,,"missing data: Right hind leg"
4,"trot","right","hard",0.8094,52.8053,0.455,0.435,0.415,0.405,0.345,0.4,0.39,0.395,307.8957,262.4739,182.2626,170.7862,55.4878,53.7037,51.875,50.1548,,,0,0,0,0,0.02,2.471,-0.025,-3.0888,,,,,80.558,79.9356,59.5036,52.3588,29.5741,17.4208,20.9569,17.8865,23.4867,29.9955,32.2671,22.8116,-57.0713,-49.9401,-27.2365,-29.5472,3.4254,6.4691,8.5934,9.3661,-26.1487,-10.9517,-12.3635,-8.5205,,,,,,,13.9019,-0.1428,18.1698,-8.5097,0.2696,,,"Duque","20240627T095239_logfile.itlog","In hand","Research",,,"missing data: Right hind leg"
4,"trot","right","hard",0.8131,52.867,0.435,0.465,0.42,0.4,0.385,0.35,0.38,0.41,254.8647,265.1228,188.0644,161.0748,53.87,56.3636,51.8519,49.3827,,,0,0,0,0,0.01,1.2298,0,0,,,,,82.0368,78.7262,56.2921,53.1229,34.1335,20.167,22.1268,19.7435,25.9844,29.1131,27.521,25.199,-56.0523,-49.613,-28.771,-27.9239,5.5394,3.7336,8.0289,6.5142,-28.5941,-16.4333,-14.098,-13.2294,,,,15.8157,0.7904,-5.6928,-4.5449,-0.075,18.6151,7.6554,0.2761,,,"Duque","20240627T095239_logfile.itlog","In hand","Research",,,"missing data: Right hind leg"
4,"trot","right","hard",0.8006,51.8275,0.47,0.395,0.41,0.385,0.36,0.37,0.4,0.41,298.0227,242.9698,173.8832,172.8972,58.2043,51.1327,49.697,48.2759,,,0,0,0,0,0.025,3.1226,-0.015,-1.8735,,,,,85.2221,79.3669,59.5839,48.7679,21.1624,16.4604,17.8376,18.9914,30.2832,28.7331,29.095,22.4835,-54.9389,-50.6338,-30.4889,-26.2844,-0.7948,4.4853,6.0865,7.0099,-21.9572,-11.9751,-11.7512,-11.9815,,,,22.071,0.9276,-9.2223,7.5569,-0.0911,13.3613,-5.0761,0.0454,,,"Duque","20240627T095239_logfile.itlog","In hand","Research",,,"missing data: Right hind leg"
4,"trot","right","hard",0.7975,51.1893,0.45,0.44,0.36,0.385,0.315,0.385,0.43,0.415,276.7296,259.163,174.7739,155.5112,55.5556,54.321,46.9055,47.9751,,,0,0,0,0,-0.035,-4.3887,-0.03,-3.7618,,,,,84.6959,82.275,59.0094,52.0757,19.9678,14.4232,19.475,19.9571,24.8641,30.0518,36.8091,23.5839,-59.8318,-52.2232,-22.2003,-28.4918,0.2987,2.9176,8.7636,6.0117,-19.6691,-11.5056,-10.7114,-13.9453,,,38.8699,23.6096,0.6303,-1.919,-5.6301,-0.131,17.0967,2.3312,0.3359,,,"Duque","20240627T095239_logfile.itlog","In hand","Research",,,"missing data: Right hind leg"
4,"trot","right","hard",0.8106,51.3542,0.41,0.435,0.42,0.4,0.405,0.355,0.385,0.42,255.2718,265.4246,177.5575,162.5067,50.9317,53.7037,51.8519,48.9297,,,0,0,0,0,0.015,1.8504,0.02,2.4672,,,,,82.1795,82.8702,58.9705,50.7952,26.2311,18.6008,20.4261,19.441,26.5542,25.9217,28.3825,22.4542,-55.6253,-56.9485,-30.588,-28.341,1.6865,2.829,7.4701,5.4734,-24.5446,-15.7718,-12.956,-13.9676,,,29.0044,21.3352,0.6316,,-10.3757,-0.3107,25.1065,14.2183,0.4158,,,"Duque","20240627T095239_logfile.itlog","In hand","Research",,,"missing data: Right hind leg"
4,"trot","right","hard",0.8113,51.9272,0.425,0.44,0.425,0.395,0.385,0.395,0.395,0.415,260.6349,269.277,178.1616,159.6441,53.2915,53.8226,51.8293,48.7654,,,0,0,0,0,0.03,3.698,0,0,,,,,85.1028,81.1271,57.6979,53.0699,30.5294,13.0187,20.5803,21.0502,28.2565,28.8472,27.1921,25.3087,-56.8463,-52.28,-30.5058,-27.7613,2.6805,2.8591,6.4947,6.5557,-27.8489,-10.1596,-14.0855,-14.4945,,,12.0905,12.2016,0.2837,-7.7883,-10.6808,-0.2283,25.2673,8.8492,0.3177,,,"Duque","20240627T095239_logfile.itlog","In hand","Research",,,"missing data: Right hind leg"
4,"trot","right","hard",0.8306,53.2246,0.5,0.44,0.42,0.41,0.36,0.36,0.395,0.415,288.1407,262.7505,179.9927,164.5635,57.971,54.1538,51.3761,49.3976,,,0,0,0,0,0.01,1.2039,-0.025,-3.0098,,,,,84.1139,84.8035,55.7344,51.8371,19.1958,10.3537,21.9536,16.1262,27.2694,29.6435,27.6588,22.8098,-56.8445,-55.16,-28.0756,-29.0274,0.6019,0.7694,7.8426,5.0931,-18.5939,-9.5843,-14.1111,-11.0332,,,19.9321,1.227,0.4048,-7.0781,-2.3071,-0.0766,19.4498,1.6666,0.2368,,,"Duque","20240627T095239_logfile.itlog","In hand","Research",,,"missing data: Right hind leg"
4,"trot","right","hard",0.8394,53.4501,0.47,0.48,0.43,0.415,0.365,0.385,0.4,0.425,256.6961,257.6642,167.3922,153.5953,56.1194,56.6372,51.3433,49.7006,,,0,0,0,0,0.015,1.787,0.005,0.5957,,,,,83.487,78.5825,57.193,53.0855,17.5059,13.5385,18.0579,18.1292,28.8432,28.8933,27.3371,24.2772,-54.6438,-49.6892,-29.8559,-28.8083,-0.3467,3.5502,7.1647,6.033,-17.8526,-9.9883,-10.8932,-12.0961,,,25.1309,19.7055,0.5103,-9.8955,-2.3539,-0.2153,14.7021,-1.9702,0.2215,,,"Duque","20240627T095239_logfile.itlog","In hand","Research",,,"missing data: Right hind leg"
4,"trot","right","hard",0.8275,54.2314,0.485,0.475,0.425,0.41,0.37,0.35,0.415,0.415,255.1831,245.9953,168.1577,157.4507,58.9666,57.0571,51.2048,49.697,,,0,0,0,0,0,0,0.015,1.8127,,,,,84.5971,82.397,56.2878,53.1103,16.7809,14.6697,25.5686,17.7403,32.1923,29.6586,28.7098,24.6013,-52.4048,-52.7384,-27.578,-28.509,0.3284,1.4813,10.7325,3.1093,-16.4525,-13.1884,-14.8361,-14.6309,,,39.258,-1.8305,0.5118,-1.2297,-5.8395,-0.1058,12.7442,8.7986,0.2862,,,"Duque","20240627T095239_logfile.itlog","In hand","Research",,,"missing data: Right hind leg"
4,"trot","right","hard",0.8169,54.3212,0.515,0.435,0.42,0.405,0.305,0.365,0.395,0.415,274.925,258.5979,174.1951,162.1054,62.8049,53.87,51.2195,49.3902,,,0,0,0,0,0.02,2.4484,-0.02,-2.4484,,,,,84.2218,85.3723,58.8053,55.6304,20.3089,10.7682,20.4094,19.7223,27.1221,30.9134,29.3319,27.2315,-57.0997,-54.4589,-29.4734,-28.3989,2.5377,1.9911,7.6342,6.4039,-17.7712,-8.7771,-12.7753,-13.3184,,,24.0808,8.0214,0.4839,1.347,-9.9257,-0.0923,9.6066,11.0732,0.2089,,,"Duque","20240627T095239_logfile.itlog","In hand","Research",,,"missing data: Right hind leg"
4,"trot","right","hard",0.8256,55.4155,0.51,0.475,0.425,0.42,0.305,0.38,0.405,0.415,281.9498,260.6166,175.3383,160.561,62.1951,56.8862,51.6717,50.9091,,,0,0,0,0,0.01,1.2112,-0.02,-2.4224,,,,,86.7242,80.4854,56.8598,60.6142,23.2284,13.8122,20.2612,13.0451,29.279,29.7193,27.0098,31.0133,-57.4452,-50.7662,-29.85,-29.6009,0.3946,3.7835,7.5305,3.5605,-22.8339,-10.0287,-12.7307,-9.4845,,,26.6781,21.2178,0.7676,-8.991,-7.6153,-0.2817,22.1071,1.0929,0.2261,,,"Duque","20240627T095239_logfile.itlog","In hand","Research",,,"missing data: Right hind leg"
4,"trot","right","hard",0.8012,53.2295,0.44,0.43,0.42,0.415,0.315,0.34,0.39,0.395,288.0963,260.4155,167.8459,176.3231,56.23,53.9185,51.3761,51.3932,,,0,0,0,0,0.01,1.248,-0.01,-1.248,,,,,83.7993,85.2665,58.1193,59.6856,25.9693,16.5961,20.4426,12.8,25.4512,28.3349,28.7221,28.8352,-58.3481,-56.9316,-29.3972,-30.8504,2.5581,4.9371,8.2265,3.6953,-23.4112,-11.659,-12.2161,-9.1047,,,36.4855,16.7994,0.5924,1.0691,-6.9987,-0.0479,18.3676,-4.5229,0.1469,,,"Duque","20240627T095239_logfile.itlog","In hand","Research",,,"missing data: Right hind leg"
4,"trot","right","hard",0.8081,51.5024,0.43,0.425,0.405,0.405,0.37,0.395,0.405,0.39,274.5753,271.8481,172.0067,167.3484,52.7607,52.4691,50.625,50.1548,,,0,0,0,0,0.01,1.2374,-0.005,-0.6187,,,,,83.5597,86.3565,59.5665,59.8828,29.4829,12.1636,21.8891,18.3634,23.4836,30.7004,30.4439,29.3085,-60.0761,-55.6561,-29.1226,-30.5743,4.0382,2.1057,9.1908,5.8108,-25.4448,-10.0579,-12.6984,-12.5526,,,5.6457,4.8749,-0.203,5.4873,-10.5556,-0.1384,18.7343,-4.1736,0.2693,,,"Duque","20240627T095239_logfile.itlog","In hand","Research",,,"missing data: Right hind leg"
4,"trot","right","hard",0.8081,51.6409,0.42,0.455,0.41,0.385,0.4,0.375,0.385,0.415,265.5419,285.5144,181.9551,173.7024,51.5337,55.8282,50.774,48.4277,,,0,0,0,0,0.02,2.4749,0.005,0.6187,,,,,81.8685,82.054,56.888,57.4221,28.8544,17.693,19.2994,18.644,25.4513,29.7949,27.0593,26.8279,-56.4172,-52.2591,-29.8287,-30.5942,2.0503,5.8014,7.3643,9.6963,-26.8041,-11.8916,-11.9351,-8.9477,,,0.2035,-4.3961,0.3415,4.0218,-16.1351,-0.0658,10.5477,0.9591,0.0486,,,"Duque","20240627T095239_logfile.itlog","In hand","Research",,,"missing data: Right hind leg"
4,"trot","right","hard",0.8081,52.7366,0.46,0.44,0.405,0.4,0.39,0.345,0.41,0.405,268.1517,269.8725,166.359,157.4145,56.4417,54.6584,50.3106,49.5356,,,0,0,0,0,0,0,0.025,3.0936,,,,,82.9874,80.6109,57.6377,57.1267,21.5019,17.2115,27.0296,21.5698,30.1258,27.3225,29.2325,28.2456,-52.8615,-53.2884,-28.4052,-28.8811,2.5186,2.9138,12.689,8.7453,-18.9833,-14.2977,-14.3406,-12.8245,,,25.6441,34.997,0.7017,3.6965,-4.3107,-0.0122,5.9982,-5.9418,0.0802,,,"Duque","20240627T095239_logfile.itlog","In hand","Research",,,"missing data: Right hind leg"
4,"trot","right","hard",0.8119,51.4333,0.445,0.415,0.41,0.4,0.32,0.385,0.39,0.41,264.0092,255.1573,183.1031,167.0364,54.9383,51.5528,50.4615,48.7805,,,0,0,0,0,0.03,3.6952,-0.005,-0.6159,,,,,81.9496,83.4401,57.462,56.97,25.8046,14.592,19.4745,19.2714,23.474,28.0957,27.2752,26.4012,-58.4756,-55.3444,-30.1868,-30.5688,3.9076,5.0238,6.2913,10.0821,-21.8969,-9.5681,-13.1832,-9.1893,,,30.6772,18.1429,0.6625,-6.1356,-8.2013,-0.1346,16.2724,4.0219,0.1319,,,"Duque","20240627T095239_logfile.itlog","In hand","Research",,,"missing data: Right hind leg"
4,"trot","right","hard",0.8087,50.0729,0.4,0.42,0.41,0.39,0.41,0.395,0.415,0.43,246.4482,260.3451,163.6868,150.5619,50.1567,51.3761,50.4615,48.2972,,,0,0,0,0,0.015,1.8547,0.02,2.473,,,,,82.1682,81.9601,56.5224,53.1124,27.1463,24.4298,26.4554,20.5089,27.5771,28.1579,26.643,24.917,-54.5911,-53.8022,-29.8794,-28.1954,1.7868,6.5736,11.3929,10.3205,-25.3595,-17.8563,-15.0625,-10.1885,,,8.2413,12.1398,0.387,-2.8598,-0.1409,-0.0692,22.0286,-6.0688,0.1973,,,"Duque","20240627T095239_logfile.itlog","In hand","Research",,,"missing data: Right hind leg"
4,"trot","right","hard",0.8106,50.6082,0.41,0.43,0.405,0.395,0.385,0.4,0.39,0.405,270.248,260.8104,178.5711,157.111,52.0635,53.2508,48.503,48.6154,,,0,0,0,0,0.035,4.3177,0.01,1.2336,,,,,78.6304,78.7553,56.087,50.0983,34.7191,17.3993,20.799,20.7808,24.7505,30.3096,25.4807,20.3347,-53.8799,-48.4457,-30.6063,-29.7636,5.8153,6.2371,6.933,10.8352,-28.9039,-11.1622,-13.866,-9.9456,,,4.7615,28.193,0.415,2.5842,0.0926,0.0256,15.3275,-9.0756,0.0722,,,"Duque","20240627T095239_logfile.itlog","In hand","Research",,,"missing data: Right hind leg"
4,"trot","right","hard",0.8025,50.7712,0.49,0.445,0.335,0.365,0.37,0.355,0.47,0.43,268.3728,248.2946,150.1749,150.4182,59.2145,54.4343,43.0868,46.3492,,,0,0,0,0,-0.055,-6.8536,-0.035,-4.3614,,,,,84.0775,79.4335,54.5199,51.7101,24.4426,21.3025,17.5475,19.9728,29.9112,30.2161,30.6019,25.5185,-54.1663,-49.2174,-23.918,-26.1916,2.7483,5.802,8.741,8.5326,-21.6943,-15.5005,-8.8065,-11.4401,,,28.806,16.1573,0.5828,3.5657,1.1567,0.1108,9.1645,-9.9837,0.0324,,,"Duque","20240627T095239_logfile.itlog","In hand","Research",,,"missing data: Right hind leg"
4,"trot","right","hard",0.7994,52.2374,0.495,0.415,0.375,0.385,0.305,0.39,0.415,0.415,280.2016,231.4301,160.1658,167.0285,61.4907,52.8662,46.0123,48.5804,,,0,0,0,0,0.03,3.7529,-0.02,-2.502,,,,,83.9885,81.2262,59.1184,50.2623,27.0376,16.7769,16.8487,18.5527,28.3788,32.2077,30.9081,21.2611,-55.6097,-49.0185,-28.2103,-29.0013,2.5039,3.8756,4.7998,8.7251,-24.5338,-12.9013,-12.0489,-9.8276,,,19.4739,37.4396,0.7575,4.1335,3.5476,0.1167,3.08,-12.3146,-0.1498,,,"Duque","20240627T095239_logfile.itlog","In hand","Research",,,"missing data: Right hind leg"
4,"trot","right","hard",0.7912,49.4141,0.43,0.415,0.325,0.395,0.315,0.35,0.465,0.4,273.499,255.226,160.9563,163.0163,54.6032,52.2013,41.9355,48.9164,,,0,0,0,0,-0.045,-5.6872,0.005,0.6319,,,,,84.0674,80.5236,61.4111,44.9706,29.6518,16.6677,16.6398,24.8027,26.6923,26.2976,35.8351,15.6396,-57.3751,-54.226,-25.576,-29.331,1.8914,3.6177,7.0159,8.5511,-27.7604,-13.0501,-9.6239,-16.2516,,,24.1692,35.9497,0.6854,-1.4753,-4.247,-0.1006,2.4766,-9.1353,-0.0463,,,"Duque","20240627T095239_logfile.itlog","In hand","Research",,,"missing data: Right hind leg"
4,"trot","right","hard",0.8175,49.3908,0.42,0.395,0.4,0.4,0.4,0.41,0.435,0.425,265.9411,242.9321,170.3109,155.2867,51.2195,49.2212,48.9297,48.1928,,,0,0,0,0,0.02,2.4465,0.015,1.8349,,,,,84.0572,84.0352,56.1581,46.1568,25.3677,22.7722,24.0497,22.412,26.2929,29.9657,27.3534,17.8446,-57.7643,-54.0695,-28.8047,-28.3122,3.0698,3.302,9.3951,5.8915,-22.2978,-19.4702,-14.6546,-16.5205,,,10.6917,-5.5344,-0.3116,-8.2497,-9.3513,,11.679,8.3952,0.3545,,,"Duque","20240627T095239_logfile.itlog","In hand","Research",,,"missing data: Right hind leg"
4,"trot","right","hard",0.835,51.5029,0.445,0.455,0.415,0.405,0.4,0.405,0.4,0.435,261.864,271.8811,176.7797,150.0681,53.9394,53.6873,50.4559,47.929,,,0,0,0,0,0.02,2.3952,0,0,,,,,81.6462,78.7583,57.3671,48.6019,29.7307,14.8796,17.8495,21.5531,25.475,28.5302,28.4142,20.9206,-56.1712,-50.2281,-28.953,-27.6813,3.4746,3.8929,6.4806,7.5583,-26.2561,-10.9867,-11.3689,-13.9947,,,-0.7968,-15.6755,0.2468,-6.2493,,-0.2959,13.9951,,0.2444,,,"Duque","20240627T095239_logfile.itlog","In hand","Research",,,"missing data: Right hind leg"
4,"trot","right","hard",0.8331,52.9558,0.475,0.45,0.445,0.395,0.36,0.38,0.415,0.445,270.7011,234.1896,167.5262,150.0729,57.2289,54.2169,52.3529,48.0243,,,0,0,0,0,0.025,3.0008,-0.045,-5.4014,,,,,80.7061,81.6435,56.7275,50.342,27.5309,11.889,25.1885,16.9532,24.8445,29.2026,26.828,24.552,-55.8616,-52.4409,-29.8994,-25.79,2.7282,2.5579,9.405,1.857,-24.8027,-9.3311,-15.7835,-15.0961,,,32.3055,26.5903,0.6184,-8.5516,-8.9842,-0.2555,16.4299,1.3671,0.1885,,,"Duque","20240627T095239_logfile.itlog","In hand","Research",,,"missing data: Right hind leg"
4,"trot","right","hard",0.8437,54.4817,0.505,0.475,0.435,0.425,0.35,0.38,0.395,0.41,272.8505,253.5949,177.7511,164.2236,58.5507,56.213,52.568,50.5952,,,0,0,0,0,0.015,1.7778,-0.025,-2.963,,,,,83.3405,80.6535,56.5396,53.9817,18.5155,17.6178,20.5337,18.5506,25.7617,30.1559,28.7357,25.3611,-57.5787,-50.4976,-27.804,-28.6207,-1.5793,5.3654,8.7871,4.5948,-20.0948,-12.2524,-11.7466,-13.9558,,,26.4457,10.4738,0.4636,0.7522,-4.575,0.0134,11.8697,-6.7014,0.0684,,,"Duque","20240627T095239_logfile.itlog","In hand","Research",,,"missing data: Right hind leg"
4,"trot","right","hard",0.8238,53.7067,0.48,0.46,0.425,0.405,0.365,0.36,0.39,0.42,254.7266,250.3223,174.4647,156.4732,57.3134,56.6154,51.2048,49.6933,,,0,0,0,0,0.025,3.0349,0,0,,,,,85.7296,81.7158,56.8676,56.7711,15.1812,14.6936,19.9411,10.9785,31.9391,31.6954,27.4675,29.7878,-53.7905,-50.0204,-29.4001,-26.9834,0.225,3.1794,8.7669,1.0301,-14.9562,-11.5143,-11.1742,-9.9484,,,27.6429,8.9032,0.5336,-2.2986,-4.0589,-0.0681,6.727,-2.9884,-0.0542,,,"Duque","20240627T095239_logfile.itlog","In hand","Research",,,"missing data: Right hind leg"
4,"trot","right","hard",0.8288,54.1795,0.49,0.46,0.41,0.435,0.35,0.345,0.42,0.4,255.8409,266.8401,162.9393,170.0065,59.7561,55.9271,49.2492,51.7857,,,0,0,0,0,-0.015,-1.81,0.025,3.0166,,,,,85.6687,83.0672,56.2621,59.747,18.7487,12.9623,18.5634,12.7421,31.1285,27.2369,29.5691,28.9359,-54.5401,-55.8304,-26.6931,-30.8111,1.3583,2.6886,7.7353,1.4722,-17.3904,-10.2737,-10.8282,-11.2699,,,15.1045,14.7956,0.2945,1.3229,-1.2911,0.0225,21.3563,-15.8672,0.1737,,,"Duque","20240627T095239_logfile.itlog","In hand","Research",,,"missing data: Right hind leg"
4,"trot","right","hard",0.8362,52.8126,0.465,0.45,0.42,0.43,0.31,0.38,0.425,0.41,279.8813,261.8263,169.5995,167.9153,56.7073,54.0541,48.8372,51.6517,,,0,0,0,0,-0.01,-1.1958,-0.02,-2.3916,,,,,80.1913,81.9682,59.5694,58.9549,24.3808,11.2698,18.0256,11.5896,23.0175,28.8253,33.4425,28.3037,-57.1737,-53.1429,-26.1269,-30.6512,2.3582,2.4931,8.5253,2.956,-22.0227,-8.7767,-9.5004,-8.6335,,,35.5854,-1.8456,0.4559,-0.4707,-1.1879,-0.1192,14.7869,1.8334,0.2529,,,"Duque","20240627T095239_logfile.itlog","In hand","Research",,,"missing data: Right hind leg"
4,"trot","right","hard",0.8275,51.5949,0.47,0.44,0.37,0.43,0.4,0.385,0.455,0.395,249.77,252.7282,163.0084,167.119,55.2941,53.1722,46.1059,51.8072,,,0,0,0,0,-0.05,-6.0423,0.02,2.4169,,,,,88.249,85.1019,57.4975,61.3056,18.1243,16.1822,23.5025,13.0528,32.1285,29.9605,34.3058,32.702,-56.1205,-55.1414,-23.1917,-28.6036,-0.1969,4.1232,13.5915,2.781,-18.3211,-12.059,-9.9109,-10.2718,,,32.2539,-7.5219,0.3209,4.3302,-11.9689,-0.191,5.4241,14.3385,0.2342,,,"Duque","20240627T095239_logfile.itlog","In hand","Research",,,"missing data: Right hind leg"
4,"trot","right","hard",0.8344,51.9733,0.43,0.465,0.415,0.425,0.36,0.39,0.41,0.405,262.6595,270.0287,179.2631,170.2108,52.2796,54.8673,50.1511,50.5952,,,0,0,0,0,0,0,0.015,1.7978,,,,,86.5094,85.5491,59.1027,59.1275,25.0814,19.5811,24.0631,13.4614,26.0073,30.1067,32.866,28.0304,-60.5021,-55.4424,-26.2367,-31.097,1.7428,4.213,10.3885,3.7704,-23.3386,-15.3681,-13.6746,-9.6909,,,13.3186,-5.1585,0.124,7.9368,-19.4786,-0.0151,5.0553,12.8201,0.1465,,,"Duque","20240627T095239_logfile.itlog","In hand","Research",,,"missing data: Right hind leg"
4,"trot","right","hard",0.8262,50.6757,0.405,0.44,0.43,0.4,0.425,0.375,0.415,0.425,259.0651,261.0836,173.5316,156.3665,49.5413,53.3333,51.3433,48.4848,,,0,0,0,0,0.01,1.2103,0.02,2.4206,,,,,81.9204,82.5529,58.5453,58.2686,28.7874,12.971,21.4428,17.524,27.3496,27.101,29.2005,29.5288,-54.5708,-55.452,-29.3449,-28.7398,3.7452,3.2605,8.7758,7.9328,-25.0421,-9.7106,-12.667,-9.5912,,,0.7053,6.1643,0.1519,-0.3485,-7.062,-0.1689,5.8072,6.0157,0.2215,,,"Duque","20240627T095239_logfile.itlog","In hand","Research",,,"missing data: Right hind leg"
4,"trot","right","hard",0.8281,51.4686,0.425,0.455,0.42,0.405,0.4,0.395,0.4,0.425,257.3911,258.5988,174.9366,152.1296,51.5152,54.491,51.2195,48.6486,,,0,0,0,0,0.015,1.8113,0,0,,,,,82.7424,81.2888,56.3964,57.219,30.8071,17.2824,22.7728,19.6228,24.623,31.8077,26.2059,27.4758,-58.1194,-49.4811,-30.1905,-29.7432,2.1116,5.2042,8.9893,10.3667,-28.6955,-12.0783,-13.7835,-9.2562,,,34.239,1.7257,0.4651,4.2943,-15.7547,-0.1678,9.1399,16.3881,0.2072,,,"Duque","20240627T095239_logfile.itlog","In hand","Research",,,"missing data: Right hind leg"
4,"trot","right","hard",0.8275,52.2641,0.44,0.46,0.425,0.405,0.4,0.365,0.4,0.43,267.4093,252.4779,168.4194,151.916,52.8529,55.5891,51.6717,48.9426,,,0,0,0,0,0.015,1.8127,-0.01,-1.2085,,,,,82.2943,78.3677,55.1783,53.1382,22.0943,13.2429,25.0377,17.8736,26.0168,27.9587,26.0739,24.6446,-56.2774,-50.409,-29.1045,-28.4936,4.7796,1.0123,10.4507,7.0537,-17.3146,-12.2306,-14.587,-10.8199,,,17.9,9.3797,0.3853,-0.6343,-10.756,-0.1044,13.7969,1.9371,0.1709,,,"Duque","20240627T095239_logfile.itlog","In hand","Research",,,"missing data: Right hind leg"
4,"trot","right","hard",0.8394,54.4851,0.495,0.47,0.445,0.42,0.385,0.37,0.395,0.415,258.2723,244.9156,168.6951,153.0053,58.5799,55.7864,52.819,50.7553,,,0,0,0,0,0.025,2.9784,-0.005,-0.5957,,,,,81.3248,77.0689,58.502,58.2988,24.0748,15.5297,19.5256,16.5057,28.1185,30.1393,27.542,29.3171,-53.2063,-46.9296,-30.96,-28.9818,3.2077,5.4671,9.5144,6.2265,-20.8672,-10.0626,-10.0112,-10.2792,,,16.4675,14.0816,0.4949,-5.2207,-3.9551,-0.101,7.7074,-1.6082,0.0992,,,"Duque","20240627T095239_logfile.itlog","In hand","Research",,,"missing data: Right hind leg"
4,"trot","right","hard",0.8137,53.0266,0.485,0.425,0.41,0.405,0.315,0.375,0.4,0.4,268.3545,228.7965,176.8316,163.0334,60.0619,52.795,50.3067,48.9426,,,0,0,0,0,0.025,3.0722,-0.015,-1.8433,,,,,82.1763,81.4413,59.2078,49.8538,21.1323,14.6282,22.2573,25.0545,26.2343,28.284,29.8518,21.0922,-55.942,-53.1573,-29.356,-28.7616,2.7768,3.9162,9.6177,12.6181,-18.3555,-10.712,-12.6396,-12.4364,,,35.6674,40.6135,0.8322,1.8275,-0.1326,0.0554,2.3021,-3.4402,-0.0241,,,"Duque","20240627T095239_logfile.itlog","In hand","Research",,,"missing data: Right hind leg"
4,"trot","right","hard",0.8275,52.3199,0.46,0.46,0.42,0.39,0.33,0.385,0.41,0.445,267.3024,252.3036,175.9672,145.4064,57.5,55.0898,48.8372,47.8528,,,0,0,0,0,0.015,1.8127,-0.05,-6.0423,,,,,78.4785,78.0108,55.6281,50.7204,37.4365,15.7237,19.1633,15.731,24.1252,29.4734,27.5405,24.3872,-54.3534,-48.5375,-28.0876,-26.3332,5.2279,5.6722,8.0778,6.5926,-32.2085,-10.0515,-11.0855,-9.1384,,,48.6929,33.368,0.8664,1.5826,-1.3404,-0.0691,-8.1185,1.252,-0.1453,,,"Duque","20240627T095239_logfile.itlog","In hand","Research",,,"missing data: Right hind leg"
4,"trot","right","hard",0.8019,52.0041,0.465,0.455,0.355,0.395,0.35,0.365,0.47,0.405,285.9623,236.3614,150.6296,153.1105,57.4074,56,45.0794,49.5298,,,0,0,0,0,-0.05,-6.2354,-0.035,-4.3648,,,,,82.0689,78.4361,55.8018,49.258,30.5617,16.6148,23.8848,16.4291,24.8194,30.013,33.4322,21.7949,-57.2495,-48.4232,-22.3695,-27.4631,3.8239,2.4592,13.0293,6.3454,-26.7379,-14.1555,-10.8555,-10.0837,,,56.5599,22.2087,0.8247,3.8139,0.4246,-0.0493,-4.1096,-10.0819,-0.0264,,,"Duque","20240627T095239_logfile.itlog","In hand","Research",,,"missing data: Right hind leg"
5,"walk","right","soft",1.2256,62.8013,0.72,0.785,0.76,0.815,0.415,0.415,0.485,0.48,209.1718,188.5253,136.8335,142.0476,61.4072,64.2127,61.7886,63.7965,,,,,,,,,-0.265,-21.6216,0.35,28.4553,0.32,25.0489,77.7901,76.7771,59.3177,56.3822,10.9961,17.5655,15.4011,9.2331,32.3631,35.6916,26.5238,25.5804,-45.427,-41.0855,-32.7939,-30.8019,0.6821,5.2978,6.1579,2.1951,-10.314,-12.2676,-9.2431,-7.038,,,29.4127,-16.5567,0.293,5.3281,5.8144,-0.338,1.0298,-2.5896,0.0307,,,"Duque","20240627T095239_logfile.itlog","In hand","Research",,,"missing data: Right hind leg"
5,"walk","right","soft",1.3294,65.4169,0.86,0.935,0.835,0.85,0.49,0.46,0.455,0.445,187.7561,186.984,139.4947,127.4404,64.1791,68.2482,64.2308,65.0096,,,,,,,-0.28,-21.0625,-0.315,-23.6953,0.345,26.5385,0.305,23.327,76.3239,71.842,59.9242,57.0275,10.3772,11.7283,17.1779,10.2063,33.0915,29.5429,28.2417,27.0834,-43.2324,-42.2991,-31.6824,-29.9441,1.9504,1.3928,7.1318,-2.0505,-8.4267,-10.3355,-10.046,-12.2568,,,43.519,7.1519,0.3054,11.0844,-1.4812,-0.1847,-12.8952,-13.0654,0.0027,,,"Duque","20240627T095239_logfile.itlog","In hand","Research",,,"missing data: Right hind leg"
5,"walk","right","soft",1.3556,66.0215,0.9,0.935,0.855,0.89,0.47,0.41,0.475,0.47,177.4868,193.3752,139.0338,125.4739,65.6934,69.2593,63.4508,65.6827,,,,,,,-0.345,-25.4495,-0.305,-22.4988,0.365,27.0872,0.33,24.3542,76.7208,71.9317,56.6021,55.6126,11.9315,10.2514,16.3536,13.7417,34.0185,31.2831,27.863,27.8736,-42.7023,-40.6486,-28.739,-27.739,4.2799,0.936,7.4118,3.1534,-7.6516,-9.3155,-8.9418,-10.5882,,,49.2509,38.9107,0.115,2.1211,12.3048,-0.378,-1.6175,3.3118,-0.0768,,,"Duque","20240627T095239_logfile.itlog","In hand","Research",,,"missing data: Right hind leg"
5,"walk","right","soft",1.3806,66.2504,0.895,0.975,0.85,0.94,0.47,0.42,0.51,0.46,179.3376,182.4169,127.2112,123.6145,65.2095,70.1439,62.3853,67.263,,,,,,,-0.365,-26.4373,-0.285,-20.6428,0.37,27.156,0.335,23.9714,74.741,76.6833,57.0448,53.2062,13.3915,14.0121,13.5497,7.5855,33.5568,34.5318,28.7291,24.5931,-41.1842,-42.1515,-28.3157,-28.6131,6.6173,4.2117,5.5599,-0.348,-6.7742,-9.8004,-7.9897,-7.9335,,,-10.1178,52.0231,-0.5774,4.835,6.4149,-0.4275,-10.7999,6.2153,-0.2623,,,"Duque","20240627T095239_logfile.itlog","In hand","Research",,,"missing data: Right hind leg"
5,"walk","right","soft",1.35,65.9556,0.89,0.915,0.87,0.885,0.485,0.41,0.515,0.455,170.295,193.1876,124.4292,118.6154,65.2015,69.3182,63.5036,65.7993,,,,,,,-0.375,-27.7778,-0.3,-22.2222,0.385,28.1022,0.325,24.1636,76.2535,74.5652,53.8315,56.1027,15.4904,14.0929,13.2064,7.7581,33.6532,33.0491,24.6077,26.8454,-42.6003,-41.5161,-29.2238,-29.2573,6.4492,6.7252,5.9953,0.9555,-9.0413,-7.3678,-7.2111,-6.8026,,,17.5835,-3.5985,0.2342,1.1549,7.9913,-0.4587,-4.0195,-5.1197,0.0194,,,"Duque","20240627T095239_logfile.itlog","In hand","Research",,,"missing data: Right hind leg"
5,"walk","right","soft",1.2881,64.0282,0.77,0.875,0.84,0.815,0.465,0.4,0.485,0.465,181.2736,193.4978,119.8851,121.0895,61.477,67.6983,63.6364,63.301,,,,,,,-0.345,-26.7831,-0.295,-22.9015,0.385,29.1667,0.29,22.5243,75.3081,74.1409,59.1358,59.0297,13.5052,11.8544,14.1555,11.2176,32.7128,30.5258,27.4382,28.8505,-42.5953,-43.6151,-31.6976,-30.1793,0.9514,2.2571,6.8712,3.3691,-12.5538,-9.5973,-7.2843,-7.8486,,,13.9843,9.2811,0.0485,6.55,12.6164,-0.5454,-13.5431,2.9996,-0.2618,,,"Duque","20240627T095239_logfile.itlog","In hand","Research",,,"missing data: Right hind leg"