horse,session_id,n_rows,stride_dur_mean,stride_dur_std,stride_dur_iqr,duty_factor_mean,duty_factor_std,duty_factor_iqr,duty_factor_LF_mean,duty_factor_LF_std,duty_factor_LF_iqr,duty_factor_RF_mean,duty_factor_RF_std,duty_factor_RF_iqr,duty_factor_LH_mean,duty_factor_LH_std,duty_factor_LH_iqr,duty_factor_RH_mean,duty_factor_RH_std,duty_factor_RH_iqr,stance_dur_LF_mean,stance_dur_LF_std,stance_dur_LF_iqr,stance_dur_RF_mean,stance_dur_RF_std,stance_dur_RF_iqr,stance_dur_LH_mean,stance_dur_LH_std,stance_dur_LH_iqr,stance_dur_RH_mean,stance_dur_RH_std,stance_dur_RH_iqr,dap_L_sec_mean,dap_L_sec_std,dap_L_sec_iqr,dap_L_perc_mean,dap_L_perc_std,dap_L_perc_iqr,dap_R_sec_mean,dap_R_sec_std,dap_R_sec_iqr,dap_R_perc_mean,dap_R_perc_std,dap_R_perc_iqr,min_diff_head_mean,min_diff_head_std,min_diff_head_iqr,max_diff_head_mean,max_diff_head_std,max_diff_head_iqr,si_up_head_mean,si_up_head_std,si_up_head_iqr,min_diff_wth_mean,min_diff_wth_std,min_diff_wth_iqr,max_diff_wth_mean,max_diff_wth_std,max_diff_wth_iqr,si_up_wth_mean,si_up_wth_std,si_up_wth_iqr,min_diff_sac_mean,min_diff_sac_std,min_diff_sac_iqr,max_diff_sac_mean,max_diff_sac_std,max_diff_sac_iqr,si_up_sac_mean,si_up_sac_std,si_up_sac_iqr,stride_speed_mean,stride_speed_std,stride_speed_iqr,stride_length_mean,stride_length_std,stride_length_iqr
Duque,20240626T082743,117,0.7767239316239317,0.023375689735620084,0.031200000000000006,49.37528376068376,1.8830896681434193,2.4457999999999984,53.20850427350427,2.5374391094237714,3.5174999999999983,50.90591538461539,2.1729188591344046,3.330599999999997,45.317346153846145,3.807648044544995,6.119500000000002,48.069399999999995,1.5353497110902217,1.5007999999999981,0.4138888888888889,0.03027966706468043,0.03999999999999998,0.39581196581196587,0.025545406370216756,0.03999999999999998,0.35213675213675205,0.037544894042609744,0.05499999999999999,0.3735470085470086,0.01975125300542751,0.025000000000000022,-0.0241025641025641,0.028471214929742576,0.035,-3.1331162393162395,3.6809828143880567,4.7607,-0.01239316239316239,0.019159024732646485,0.02,-1.5780256410256415,2.445030503940378,2.6801,18.660529310344824,13.03771333048204,18.65635,12.19323090909091,16.70377049680835,27.298575,0.3785844827586207,0.28097803336805943,0.36130000000000007,-6.824511304347826,15.199777393717163,28.0514,-0.9163938596491226,9.311507350169618,16.428125,-0.1099391304347826,0.15255963268687106,0.2165,14.847100862068965,7.284053542965061,9.024625,-1.336575221238938,6.720524623395575,9.1805,0.15663448275862066,0.1259855679129115,0.146125,,,,,,
Duque,20240627T095239,88,0.7915727272727273,0.0286486232734663,0.0409250000000001,50.35449545454546,2.1726427220507865,3.1705499999999986,53.20706022727273,3.4497021086631365,4.605000000000004,52.0966375,2.5350464380027558,3.882125000000002,48.78932727272727,3.092634048376672,5.112225000000002,47.324960227272726,2.411573691312342,2.893474999999995,0.42181818181818187,0.03953160977456978,0.05249999999999999,0.4129545454545455,0.03341343562477202,0.05124999999999996,0.3865340909090909,0.034552624819580276,0.06,0.37517045454545456,0.030714189162062668,0.04500000000000004,0.002215909090909091,0.027676891420538616,0.045,0.25950340909090913,3.5179520626091296,5.787624999999999,-0.0055681818181818185,0.01637266817970987,0.025,-0.7054897727272728,2.0451633201253525,3.0275250000000002,24.973521428571434,12.375952150699465,17.158725000000004,21.774422352941173,15.624901798452372,21.398699999999998,0.5782313953488373,0.2250784633184499,0.2772,-17.75187411764706,14.904050943229151,28.337,0.8992872093023254,9.00530511751165,13.594925,-0.20513647058823523,0.14181829575624041,0.21070000000000003,13.588727272727272,7.676317424745706,9.093374999999998,-1.6074023529411767,7.2716413371524915,8.4797,0.14372386363636364,0.13207339999863554,0.16855,,,,,,
Duque,20241122T111237,368,0.7478771739130434,0.04226427264079237,0.058699999999999974,48.954408423913044,2.418510994885316,3.552900000000001,50.56143586956521,3.380432654897254,4.092675,51.26973451086956,3.2959876002516815,3.8240750000000006,46.95399402173912,3.6771438139566994,5.631999999999998,47.03246739130436,3.174606546184183,4.8408000000000015,0.37921195652173917,0.04361465729277827,0.06,0.3843342391304348,0.04210282885727066,0.05499999999999999,0.3518478260869566,0.04222017926887044,0.06624999999999998,0.35254076086956526,0.03888603444199292,0.065,-0.013355978260869565,0.03152052083830123,0.04,-1.8162565217391304,4.263724895599204,5.5367999999999995,-0.009144021739130436,0.02978375134653131,0.035,-1.2846714673913042,4.131428694473807,4.622325,14.680500835654598,18.960616422219243,22.8004,12.503481408450703,20.505087784955943,25.637500000000003,0.3756697222222223,0.35851929867276877,0.47375,-3.3686180555555554,16.667714290190556,29.741525,-0.4814732782369144,9.15637184823656,12.9513,-0.050887430167597766,0.15451125450506056,0.23969999999999997,9.739551966292135,8.41662486866984,10.337575000000001,-5.177389136490252,7.7939443677452145,10.2477,0.05383888888888888,0.149157275947643,0.2112,,,,,,
Duque,20241216T115742,391,0.7747084398976983,0.04130663143346783,0.05339999999999989,47.045349872122756,1.9165391475912992,2.408700000000003,48.90116163682865,2.471988329719233,2.994649999999993,48.12506521739131,2.619213504013673,2.9243000000000023,46.71249130434783,3.2259067341702887,3.9256499999999974,44.44267774936061,3.6083826640897776,4.579450000000001,0.3795652173913044,0.0362037002980791,0.050000000000000044,0.37328644501278774,0.03325511019757321,0.040000000000000036,0.36251918158567775,0.040419074138335676,0.04749999999999999,0.344846547314578,0.03903945383835582,0.04999999999999999,0.006521739130434782,0.027947733508277936,0.042499999999999996,0.7921562659846548,3.5759657380773304,5.47775,-0.0029667519181585675,0.02733733090412037,0.03,-0.39646496163682865,3.529378912736149,3.77955,25.677443307086612,23.27474397720772,29.254999999999995,7.32794335106383,23.212407252500885,34.044925,0.40269461538461543,0.32185070617608885,0.400875,-19.622626098191216,17.89161063543082,27.879000000000005,1.9680148148148147,9.02116578225162,12.6446,-0.2096114285714286,0.20132007818264003,0.26089999999999997,7.42119005235602,8.584006570052468,12.197275,2.218009186351706,9.55510102973907,13.116599999999998,0.10518020565552699,0.16640781198813728,0.2308,1.9719230769230767,0.969625224982868,0.78,1.4950999999999999,0.7348636710302122,0.6377999999999999
Duque,20241227T101523,231,0.756634199134199,0.03629400236874933,0.043749999999999956,47.27227012987014,1.3991096854224927,1.705200000000005,50.79113376623376,3.4407885447939575,5.053350000000002,46.91919610389611,2.7403458521067496,3.394200000000005,45.176172294372286,2.2644780675569485,2.056350000000002,46.202563636363635,1.955831163486061,2.5208999999999975,0.38491341991341993,0.03979831045126263,0.05499999999999999,0.35547619047619045,0.03159510274707686,0.034999999999999976,0.3417965367965367,0.02658288410019706,0.024999999999999967,0.349978354978355,0.026757761310050136,0.02999999999999997,-0.003290043290043291,0.02575381500650772,0.025,-0.43252207792207786,3.457596675071713,3.3169,-0.010995670995670996,0.025441407165672784,0.030000000000000002,-1.4890493506493505,3.4734228680938637,3.96935,3.7745111607142863,17.249477595661794,24.575625,7.055634666666666,17.917258546416914,24.7365,0.11727675438596491,0.3503619062002772,0.542025,-7.480978414096914,20.702712112619047,39.32995,1.9141537777777784,10.616467183834896,16.2554,-0.0650504424778761,0.1738838639878896,0.259525,10.539399559471367,10.574580509546273,12.683300000000001,-6.562100884955751,8.840538154132128,10.124550000000001,0.04728771929824562,0.16733775264671982,0.1892,,,,,,
Duque,20250128T141634,166,0.7568927710843374,0.040823257729736516,0.05690000000000006,47.49082289156627,1.654209721951867,1.8925000000000054,49.88062228915663,2.958155672576606,3.665849999999999,55.03180662650602,3.1530636853343146,4.607725000000002,43.85979337349398,3.3502950407414014,4.336124999999996,41.1910734939759,3.3359724743099695,4.700599999999994,0.3782831325301204,0.038117497196852076,0.050000000000000044,0.4174397590361445,0.04362629854560285,0.065,0.3322289156626506,0.036196040399956296,0.03999999999999998,0.31195783132530125,0.03143909020382275,0.04500000000000004,-0.025,0.026215886925159092,0.03,-3.3621331325301207,3.4956301710527633,4.15715,-0.007921686746987951,0.026469877897820387,0.030000000000000002,-1.0582530120481928,3.5299958227750152,3.9755249999999998,16.52281320754717,22.201485411424283,27.03465,5.858152830188679,17.90068588599936,19.53235,0.22948789808917194,0.38965064387946524,0.618,-2.2188309090909115,19.983609350944914,37.3289,-0.3264434782608697,10.250525758026894,14.7863,-0.030458895705521474,0.18663862842668777,0.3138,5.626221739130434,7.423177170724268,10.8623,-1.450620625,7.65455706898852,10.65605,0.043813043478260864,0.14831434486017983,0.2047,,,,,,
Duque,20250308T111144,158,0.758296835443038,0.047523027500234405,0.05302499999999999,44.969598101265824,2.998914190306951,4.348050000000001,47.87892151898734,3.7439431425561494,4.610999999999997,49.142831012658235,3.962100009539461,5.3841250000000045,42.112229746835446,4.031146855171985,6.114125000000001,40.74439050632911,4.3097584405948695,7.244999999999997,0.3646518987341772,0.0489153600477513,0.065,0.3739873417721519,0.04764772367314903,0.06000000000000005,0.3199367088607595,0.04515362080610987,0.065,0.3104113924050633,0.04814377746788139,0.07499999999999996,0.0004113924050632908,0.024945578918978795,0.035,0.055293037974683566,3.2667297740168277,4.515675,-0.005886075949367089,0.029811077042603724,0.04,-0.740763924050633,3.9082390442054615,5.464875,0.44078451612903075,21.647461895809816,31.144099999999998,9.519651315789472,17.033954610076428,20.469425,0.13153141025641027,0.3743139749538351,0.5580499999999999,-9.594440384615385,23.00780117659332,44.079750000000004,-0.654498717948718,10.780996788112343,14.569799999999999,-0.10946948051948052,0.21703927608413892,0.36555,11.62026923076923,11.459823025681958,16.513275,0.16016193548387098,8.047917964933225,11.364749999999999,0.13401602564102563,0.18739917254500935,0.26105,0.8933227848101266,0.42483477895983457,0.5887499999999999,0.6719240506329115,0.31237805700894755,0.4189
Duque,20250309T134916,272,0.7972647058823529,0.02787572851969221,0.03264999999999996,50.079407352941175,1.9863431629265735,2.7351499999999973,55.0611455882353,2.553790133109161,3.536324999999998,53.016445955882354,3.682995795517432,5.900599999999997,49.29860661764706,3.2267607320232568,4.739650000000005,42.94142830882353,4.319360825883525,5.725874999999995,0.43957720588235294,0.03237102587421872,0.041250000000000064,0.4232720588235294,0.03763722090194253,0.04999999999999999,0.39329044117647055,0.03656264175029431,0.05499999999999999,0.34297794117647057,0.04324212564654924,0.05625000000000002,0.0027022058823529416,0.03276264177723064,0.045,0.3086338235294117,4.109126432454024,6.095775,-0.022003676470588235,0.030121708610354753,0.04125,-2.7966533088235295,3.8259181110211875,5.245425,20.44849698113208,19.772280811501098,30.470499999999998,20.177063773584905,27.002419187902646,40.144000000000005,0.47477857142857144,0.3333021163814694,0.48765,-7.848827067669173,13.736717965141112,25.121025000000003,-0.42334624060150383,7.171545020621228,9.837074999999999,-0.10712296296296296,0.1863917475639988,0.28109999999999996,7.145830597014926,8.130361914534157,12.33745,-3.0844151515151514,9.033232826097862,12.044425,0.045475187969924814,0.1524980875381548,0.2087,,,,,,
Duque,20250411T104319,209,0.7684684210526315,0.03953784163371379,0.04749999999999999,46.598114354066986,2.3161001297532384,2.7021999999999977,49.33751483253588,2.716330124171372,3.0444999999999993,48.790942105263156,3.4133136355683877,4.616199999999999,45.42546985645933,2.747077633105434,2.986600000000003,42.83853875598086,3.9023473615840385,5.0797000000000025,0.37990430622009574,0.036105353729132456,0.050000000000000044,0.3758612440191388,0.04118701345437819,0.05500000000000005,0.3493301435406698,0.03485245136062428,0.044999999999999984,0.33009569377990433,0.04172068789791234,0.05499999999999999,-0.006698564593301435,0.021994537080630736,0.025,-0.9094856459330143,2.927684965808948,3.1944,-0.012583732057416268,0.0325114465559229,0.04,-1.7008033492822965,4.295964623121765,5.4124,7.259932835820895,14.127105821456015,18.6577,4.76537794117647,15.488102227150799,25.345725,0.15368834951456312,0.32333923431741146,0.46530000000000005,-6.743415942028987,16.413540695904217,30.72045,3.3443708737864077,8.18459962602735,11.373375000000001,-0.04135804878048781,0.1553391151077171,0.2625,6.166604901960784,8.817385540310593,13.083375,-5.666300487804877,6.126091807232162,8.278500000000001,0.007858333333333333,0.13058496989972085,0.183075,0.6707177033492824,0.34778137712020046,0.52,0.5120349282296651,0.25954571865517334,0.40359999999999996
Duque,20250413T103843,148,0.7349155405405405,0.03236330691384466,0.05074999999999996,45.118701351351355,1.9994038954841196,2.1980000000000004,47.83214932432433,2.834178081421565,2.903400000000005,45.667904054054056,3.2283836686633602,4.231125000000006,43.76325743243243,2.262165748033737,2.234924999999997,43.211485135135135,3.50106241652493,4.0706500000000005,0.3520608108108108,0.03284124384516058,0.04124999999999995,0.33614864864864863,0.03326912827413142,0.04124999999999995,0.3218243243243243,0.025998094178245088,0.02625000000000005,0.3180067567567567,0.034879480863799925,0.04999999999999999,0.0016216216216216224,0.024301229051364386,0.025,0.20425405405405403,3.3288506917671588,3.5165499999999996,-0.013716216216216218,0.03150489445627825,0.035,-1.8732418918918916,4.24301212102741,4.927275,2.2504685314685315,14.853461409658966,18.3707,4.6386076923076915,17.526375452756817,26.0996,0.0709110344827586,0.3734432446312665,0.5396000000000001,-2.0286571428571434,15.418272448126524,28.14975,0.11976190476190489,8.479287189335183,12.410499999999999,-0.027305555555555545,0.14645061783899535,0.227275,5.5462417808219175,7.803038280406145,11.354500000000002,-2.5833139860139855,6.588920074411748,8.00585,0.0346,0.13552271401497984,0.17735,,,,,,
Duque,20250628T192525,169,0.7553556213017751,0.04279493858867091,0.04370000000000007,48.65470769230769,2.4357994855507963,3.0526999999999944,53.058321301775145,3.7080443071877314,5.882400000000004,48.711761538461545,3.701529082030701,4.424599999999998,44.376359171597635,4.001461595354494,5.3369,48.472385207100594,2.668888341337994,3.542900000000003,0.4015384615384615,0.043871430122032505,0.05499999999999999,0.3689349112426036,0.042671801496984255,0.040000000000000036,0.3360355029585799,0.043741923539029885,0.06,0.36680473372781064,0.03639029143592797,0.050000000000000044,0.002662721893491124,0.0329413055900304,0.05,0.3722739644970416,4.43972189161814,6.3115,-0.012130177514792898,0.0229690703129171,0.025,-1.662378698224852,3.1432714186732738,3.4188,27.58367987804878,18.565529598305123,27.489475,4.940556790123456,18.097560211021193,27.304475,0.37571077844311374,0.3721703789495648,0.48069999999999996,-9.791899397590361,18.865880074033594,34.969575,0.22014753086419797,8.573564760979423,11.787749999999999,-0.11331506024096388,0.19320924333791195,0.2953,9.27815119047619,8.306153254994015,9.861775,1.4061281249999997,7.284267847835864,9.33995,0.13321017964071855,0.17232441164140935,0.23415000000000002,,,,,,
Duque,20250702T102056,202,0.7825207920792079,0.021623802146477078,0.029100000000000015,47.617988613861385,2.0454792966573363,2.8472250000000017,53.66162475247525,3.1107501316520625,4.239799999999995,49.85458267326733,2.4235024848504696,3.284124999999996,45.69258861386138,3.2500728884469603,5.099799999999995,41.26314356435644,3.490047485240994,4.6986750000000015,0.42047029702970296,0.03511391000064255,0.05499999999999999,0.390420792079208,0.026727781275422073,0.03375000000000006,0.3578217821782178,0.033015267398359104,0.044999999999999984,0.323490099009901,0.03559127291138707,0.044999999999999984,-0.013762376237623764,0.03147616914708887,0.045000000000000005,-1.7722831683168314,4.019128889617385,5.83395,-0.029133663366336632,0.025851026624831668,0.04,-3.7331044554455444,3.320004839912847,4.977625,28.223733333333332,21.503030442632262,27.397699999999993,10.253478645833333,16.08035192121646,18.760700000000003,0.43032131979695437,0.3379312335739031,0.3604,-14.18241421319797,16.161797865851238,30.9969,-1.064369035532995,7.162351424658791,10.183800000000002,-0.18529751243781092,0.1582497796010506,0.2031,12.668272864321606,7.590646325302318,10.207,2.6718145728643217,5.983072642235033,8.80405,0.18340507614213197,0.12341226733677393,0.17709999999999998,,,,,,
Duque,20250718T093338,162,0.7565537037037037,0.032413525930018956,0.03795000000000004,45.342533333333336,1.8991505951296668,2.415175000000005,50.8755037037037,2.4822837798012656,3.0484499999999954,47.971743827160495,2.6233414984061447,3.657325,40.43386543209877,3.453492503515987,3.1916750000000036,42.08901481481482,3.4344795727019704,4.5041749999999965,0.38503086419753085,0.02760916735850414,0.040000000000000036,0.3632716049382716,0.031683219433660245,0.040000000000000036,0.30620370370370376,0.03354706324010921,0.030000000000000027,0.3189814814814815,0.03331171659323268,0.044999999999999984,-0.03558641975308642,0.030969759857182182,0.035,-4.742062345679011,4.154244433443577,4.546175,-0.03657407407407407,0.034661057238475707,0.04,-4.8475777777777775,4.619946197826058,5.3507750000000005,17.962384713375794,21.040078737611534,35.1103,3.8699331250000006,18.960417699916608,33.404275,0.24257,0.44666073090020114,0.822425,-9.277272222222225,17.288869900065695,30.958550000000002,1.1963608695652177,7.008758783213454,10.7446,-0.09575632911392407,0.15835477521154404,0.236675,10.869700636942676,7.069976600408244,9.8598,-2.1430088050314464,6.035927796199574,9.54585,0.09796666666666667,0.1359381736173232,0.16544999999999999,0.9633024691358025,0.39063380716242846,0.49,0.7252493827160493,0.2776513004236533,0.36939999999999995
Duque,20250804T082647,140,0.7587021428571429,0.030709308850109064,0.03325,47.262809999999995,1.8503158593785076,1.9388250000000014,57.267468571428566,2.5352209061890054,2.499575,48.22635071428571,2.9357675646407375,3.908300000000004,40.36472071428572,3.0381952739515206,3.139499999999998,43.19269071428572,3.748319744772296,4.417450000000002,0.4352857142857143,0.0332786979447243,0.04500000000000004,0.36639285714285713,0.03208614672910867,0.040000000000000036,0.30642857142857144,0.031275554813300334,0.025000000000000022,0.32828571428571435,0.03894180969923705,0.044999999999999984,-0.029714285714285714,0.03060405900438174,0.034999999999999996,-3.9457585714285717,4.045456741623036,4.9439,-0.037392857142857144,0.041929487988777395,0.04,-4.9471935714285715,5.474518499207014,5.414775000000001,18.892591111111113,20.373818287824538,31.6971,7.510367407407407,18.74959147633694,22.9733,0.2876628571428571,0.4210508148459346,0.607475,-7.920808695652175,18.255446106345243,34.07195,-2.807502189781022,7.760317455580811,13.3157,-0.12958550724637682,0.16723273504801214,0.2581,9.6957884057971,8.6263795953757,13.467,-5.178529197080293,6.658680968857392,8.8928,0.04509999999999999,0.15609351108517788,0.25995,0.9200357142857143,0.48727863316711595,0.68,0.6946621428571429,0.36770856294294013,0.5259499999999999
Jackson,20241130T114129,187,0.7148101604278074,0.04736631616416219,0.07094999999999996,44.34151764705883,2.025962322718269,2.5073000000000008,45.29610962566846,2.9773633185882087,3.6648500000000013,45.573357754010694,2.958800999293588,3.983399999999996,44.17944171122994,4.261364097552184,4.619300000000003,42.31715454545455,4.475459834945801,2.9843999999999937,0.32385026737967915,0.031407639599258984,0.044999999999999984,0.3266042780748663,0.03892153096934301,0.0625,0.3166577540106952,0.04392295896180799,0.050000000000000044,0.3035026737967914,0.05281234524253468,0.03999999999999998,-0.0052406417112299455,0.03569314948300444,0.035,-0.7349470588235293,5.111861509319451,4.73855,-0.0006149732620320861,0.05152274151164343,0.0475,-0.2449374331550802,6.974773014165326,6.7963499999999994,2.0559769230769227,23.515453530523388,31.733800000000002,-3.894469444444444,21.401350217993144,25.324225,0.0015335195530726293,0.43079072710020194,0.6602,17.152364171122993,11.799849138039164,12.785,10.985988950276242,12.814599450465753,12.0899,0.294485635359116,0.1626786532921735,0.15439999999999998,-11.012907065217393,16.577521961286745,22.5901,1.7736112994350284,15.79520117872352,18.3779,-0.09875083798882682,0.2739848294760162,0.34299999999999997,,,,,,
Jackson,20241215T152135,258,0.7691224806201551,0.04427938755127452,0.0666500000000001,45.476453488372094,2.824178630596331,3.3222749999999905,44.901580620155045,4.735238830426548,6.140725000000003,49.56300813953488,4.390922202629464,4.867725,44.29811472868217,3.2788994668979203,4.019075000000001,43.14310775193798,5.717678353358893,5.224699999999999,0.3468798449612403,0.05324355883272937,0.05499999999999999,0.38263565891472867,0.05334557158322325,0.05875000000000008,0.3412209302325581,0.04158533521528805,0.044999999999999984,0.3326744186046512,0.060281591203181696,0.05499999999999999,-0.00011627906976744196,0.036574986223226524,0.05,-0.06637635658914724,4.70896443450066,6.6007750000000005,0.02001937984496124,0.05508129482231357,0.045000000000000005,2.515798449612403,6.948751762166748,5.907475,-2.245312851405622,25.988721180075814,35.4867,-2.135529019607842,37.22531236412337,55.25005,-0.0783301204819277,0.541969880814484,0.9856,21.191994509803923,10.597389392366138,12.48865,12.044349603174604,10.360153439762279,13.41005,0.3216291338582677,0.15490452528634385,0.17065,-6.345320472440945,13.728431889237926,21.517425,-1.9544350597609563,13.230332485154177,17.8437,-0.08335254901960784,0.20946747079729844,0.2828,0.7821124031007752,0.4971530768977607,0.6100000000000001,0.6011996124031007,0.379841772658904,0.4558500000000001
Jackson,20250128T130146,136,0.7331007352941176,0.043683610786050986,0.06932499999999997,45.906900735294116,2.3027127346770597,2.813050000000004,46.4733375,5.087871508611325,4.611550000000001,49.98986985294117,4.167774567059159,5.066849999999995,43.08039926470589,3.3870332580570626,4.446074999999993,44.084008088235294,3.2917750629253297,4.067224999999993,0.3422794117647059,0.05665642929440715,0.06124999999999997,0.36790441176470584,0.049990944169026004,0.06625000000000003,0.3165073529411765,0.039380949770073205,0.06,0.32363970588235297,0.036016801181119086,0.05499999999999999,-0.014779411764705885,0.03192507227323716,0.036250000000000004,-2.0328235294117647,4.381850876449616,5.111025,0.007647058823529412,0.030977537719083723,0.05,0.983158088235294,4.237585292515244,7.07225,-10.508935606060604,28.012916153195732,36.02075,-1.4078381679389314,23.415922490093582,30.89385,-0.17985648854961833,0.4471751911205816,0.7101,23.29381515151515,9.302937831571771,10.899775000000002,9.286491044776119,10.355852168124045,13.53535,0.31387014925373136,0.1347275719780676,0.15197500000000003,-8.907010370370369,13.803347783317099,20.9279,-3.712930534351145,11.448284236391684,16.792,-0.13774632352941177,0.20691740700027336,0.305925,,,,,,
Jackson,20250413T144809,143,0.7389839160839161,0.04787234146680142,0.06690000000000007,43.861221678321684,2.6349066056661434,3.3419999999999987,47.62635314685315,2.833551065876556,3.713300000000004,47.73476223776224,3.7118316336536794,3.936549999999997,41.36233846153846,4.558692217704966,3.9542999999999964,38.721430069930065,6.148934092904083,5.458199999999991,0.3522727272727273,0.03816073895300221,0.05499999999999999,0.3538811188811189,0.04687193963876311,0.05499999999999999,0.30709790209790216,0.050250823647557785,0.065,0.288006993006993,0.06634878991047581,0.057499999999999996,-0.011153846153846157,0.03671210946788264,0.03,-1.5615678321678321,4.798762034352008,3.97025,0.00818181818181818,0.05730307815191972,0.035,0.8962552447552445,7.156368374054396,4.941000000000001,-16.0384035971223,26.837759854301567,33.7738,-7.245383802816901,25.292781253011984,28.658025,-0.2997389705882353,0.43441916627331156,0.63015,19.328265492957744,8.558385845341222,11.122425,10.422846853146856,8.951481839887268,11.227449999999997,0.2928328571428572,0.11796318072248854,0.12710000000000002,-9.05875815602837,11.668521647903548,17.8421,-1.982451798561151,13.86134353265732,17.54745,-0.11704892086330936,0.19044748614962362,0.2586,,,,,,
Jackson,20250725T084940,237,0.7117683544303798,0.04951225463177075,0.07180000000000009,42.44941856540084,1.9815173030272126,2.0932999999999993,44.73575738396624,2.791392733179204,3.4664,46.76097805907173,3.1438583905403235,3.530999999999999,40.633385654008435,3.1051949604253433,3.5341999999999985,37.66753375527426,4.278545468009175,4.109099999999998,0.3197679324894515,0.041185413550811345,0.05499999999999999,0.3338396624472573,0.04451270563106044,0.04999999999999999,0.2894514767932489,0.032343409722397194,0.034999999999999976,0.2689451476793249,0.04511455695959234,0.04999999999999999,-0.025759493670886074,0.02305238058400915,0.025,-3.62543417721519,3.2175688505751316,3.7685,-0.003966244725738397,0.039011717598571624,0.045,-0.6706046413502111,5.464841542093443,6.0163,-32.99987682403433,25.913925643858146,27.628700000000002,-3.580985903083701,21.085363597681628,24.8737,-0.4559035714285714,0.3383590855134816,0.410875,14.752120085470088,8.947530354078074,10.563600000000001,10.73123362445415,8.964240744776538,11.119700000000002,0.2775,0.12238040560160632,0.1264,-6.658691452991454,15.445956996429484,25.59015,-3.1899665198237885,12.297657628701813,16.6772,-0.12266077586206897,0.1961536650595103,0.24750000000000003,0.8947252747252746,0.4619259840242535,0.6099999999999999,0.6314895604395605,0.31967200118786154,0.40535
Jackson,20250730T082406,151,0.730858940397351,0.0487194516547182,0.07315000000000005,43.71265695364239,2.7138270170249723,3.0861500000000035,45.178530463576166,3.6652125001058873,5.241499999999995,47.72996688741721,3.4630172219173625,4.676699999999997,42.59911125827814,2.9787123948342304,3.5004500000000007,39.34299668874172,5.540959241748877,5.704549999999998,0.33139072847682116,0.046780191464612285,0.06,0.3501986754966887,0.04603940629034359,0.06,0.3120529801324503,0.038372175349588956,0.05500000000000005,0.28894039735099336,0.058414065861808716,0.04999999999999999,-0.010066225165562916,0.024879621881953157,0.025,-1.4146933774834436,3.3878021361283555,3.5810500000000003,0.011622516556291393,0.05077253085699711,0.037500000000000006,1.4621562913907287,6.5207088292053665,5.2803,-14.763078620689653,23.033369235624413,26.908,-5.8108249999999995,20.69262355931045,27.7006,-0.2693783216783217,0.43001826494779577,0.6207999999999999,18.862677852348995,8.2733763909501,10.8008,11.897453378378378,9.507531094870028,13.473549999999998,0.3020993288590603,0.13598937135367656,0.1713,-7.732469333333332,15.66752123242804,23.935025,-2.4572700680272104,10.117860340394508,11.576999999999998,-0.11028590604026844,0.22848306165267548,0.32730000000000004,1.0055960264900663,0.43811601475420403,0.6399999999999999,0.7328880794701986,0.3119701083815889,0.4975
Perseo,20241018T180653,337,0.7263813056379822,0.01848768510850367,0.02429999999999999,46.26077448071217,1.63692192631742,2.1554999999999964,50.45075103857567,2.069606471494423,2.239600000000003,49.90956379821959,1.9067322871541268,2.3842,45.48972670623146,2.8853123431130236,2.5889999999999986,39.19304272997033,5.150444793183691,8.275300000000001,0.36669139465875367,0.021861707188687258,0.025000000000000022,0.36265578635014833,0.02043049127796441,0.025000000000000022,0.33065281899109794,0.02845246557135536,0.025000000000000022,0.28501483679525225,0.0411362039961681,0.06,-0.013857566765578637,0.029003035719843386,0.025,-1.920854896142433,3.955431505844068,3.581,-0.020059347181008904,0.032488496730545324,0.03,-2.769906231454006,4.4547996624818005,4.1453,8.18248105590062,16.802858689038104,20.141,-5.909256615384615,14.733949282620534,19.729400000000002,0.026555623100303946,0.4143077908821682,0.6719999999999999,0.8605667673716006,7.505578063029228,11.6568,4.86498303030303,9.83320561194379,16.375,0.0765903903903904,0.1248636845790415,0.1794,-5.976288095238095,21.589038159148526,38.984700000000004,-3.9074203647416423,9.711414141066667,14.6439,-0.1406045045045045,0.21966609164137674,0.36329999999999996,2.0902232142857144,0.545778905445313,0.67625,1.5177629464285716,0.3896884774124723,0.451225
Perseo,20241020T110211,921,0.7301024972855592,0.02944662607558032,0.03190000000000004,47.053776112920744,2.580933550265351,3.7593999999999994,55.66111954397394,5.486296894703659,8.388200000000005,48.63967513572204,3.7609372213470547,4.909800000000004,43.0924016286645,4.477330192238931,3.982200000000006,40.82190488599349,4.117557691297219,5.503399999999999,0.40706840390879484,0.05014635851526039,0.08000000000000002,0.35564060803474484,0.036128124075228564,0.03999999999999998,0.3150217155266015,0.04130085226104362,0.03500000000000003,0.2985504885993486,0.03734809671944956,0.03999999999999998,-0.002035830618892508,0.04485917357577727,0.04,-0.27932529858849064,6.143284429733763,5.382,-0.0192128121606949,0.034555473498616554,0.035,-2.6401385450597177,4.837279434248325,4.8286999999999995,8.307879101123596,18.671205065990133,26.840275,-5.1089194690265485,20.86410976749858,27.91175,0.02805605022831052,0.48458150950860535,0.8093250000000001,2.3515223344556673,7.135057619332673,10.03295,6.03607653631285,9.762560924094274,16.2869,0.10629744444444444,0.1333858750467322,0.183525,-3.523887185104052,24.791622684645937,43.8033,-1.8519041387024608,9.306017361813888,12.975375,-0.07971677704194259,0.28263791475373823,0.4768,2.304153094462541,0.5052716008910894,0.675,1.6764619978284472,0.35098282178006945,0.47809999999999997
Perseo,20250505T123314,268,0.7248555970149254,0.019112431157125753,0.02134999999999998,45.83043544776119,1.5440414767250794,1.848675,50.93307574626865,3.6134656017392257,4.996649999999995,45.66562723880597,2.932851911143991,3.354599999999998,48.20408208955224,2.663043073297879,3.4452,38.51893470149253,4.8331050319866335,5.929574999999993,0.36966417910447763,0.03407525138574195,0.05499999999999999,0.33113805970149257,0.02611038880813111,0.02999999999999997,0.34940298507462686,0.02299686329465466,0.02999999999999997,0.2801865671641791,0.046783855198910505,0.04999999999999999,0.02574626865671642,0.020116770191901345,0.021250000000000005,3.560675,2.811788483250687,2.9812000000000003,0.0011194029850746274,0.04310574833728264,0.04125,0.1133268656716419,5.755967607780845,5.6622,-1.6446564705882352,26.332128199986023,30.55215,-9.960526562499998,18.388459700381286,20.537225,-0.19557459016393441,0.49909194557072967,0.825225,-4.824463565891473,6.219919110874909,7.9864749999999995,3.05969846743295,6.09438099486839,8.2273,-0.017564367816091952,0.10954048564204451,0.1449,-14.90074097744361,17.171001392793997,17.039525,4.127639230769232,7.459452793412011,10.457375,-0.15804415094339622,0.21984374042123958,0.2652,2.232985074626866,0.4767171286519729,0.5912499999999998,1.6166798507462685,0.3401047834305439,0.41447500000000015
Perseo,20250508T130406,676,0.7465073964497042,0.016886622494908736,0.021299999999999986,47.09858224852071,1.3546128797212287,1.5311499999999967,49.64050044378698,3.501592306549792,6.1971499999999935,49.85155976331361,4.2865591070634945,6.944600000000001,44.84892795857988,2.187484452648778,2.9189000000000007,44.05332943786982,2.345010313029265,3.0379000000000076,0.3708210059171598,0.031034493156891576,0.050000000000000044,0.37247781065088753,0.037673542482751066,0.06,0.3349112426035503,0.02059646408187267,0.024999999999999967,0.32903106508875735,0.02298599727154793,0.025000000000000022,0.009341715976331363,0.02932656648234934,0.045,1.254003402366864,3.9169884745340844,6.203524999999999,0.012448224852071007,0.03047216551081094,0.05,1.667367899408284,4.074170615597444,6.7164,-13.852872560975609,27.922014012861275,41.692924999999995,-6.634792944785277,17.384093866626994,23.990800000000004,-0.30265321821036106,0.4482459424762123,0.6474,-2.5844603658536585,9.312324318347748,14.9271,2.6791287234042556,7.086331183696799,9.816575,0.0028802690582959587,0.1444350816585083,0.20290000000000002,-3.4160806060606057,16.58629455541307,29.153225,-0.7700045385779125,8.967398955739819,12.2786,-0.0519561377245509,0.20977920213983983,0.346375,2.3902514792899408,0.4114070836973119,0.5412500000000002,1.7822278106508878,0.2976356315217447,0.37664999999999993
